dataset_size,max_depth,min_samples_split,my_tree_accuracy,my_tree_precision,my_tree_recall,my_tree_depth,my_tree_num_nodes,my_tree_training_time,my_memory_usage,sklearn_accuracy,sklearn_precision,sklearn_recall,sklearn_tree_depth,sklearn_num_nodes,sklearn_training_time,sklearn_memory_usage
3,2,2,1.0,1.0,1.0,2,5,0.003069162368774414,1831.125,1.0,1.0,1.0,2,5,0.0020160675048828125,1831.125
6,2,2,1.0,1.0,1.0,2,5,0.0013530254364013672,1831.125,1.0,1.0,1.0,2,5,0.0009210109710693359,1831.125
9,2,2,0.8888888888888888,0.9166666666666666,0.8888888888888888,2,7,0.0012369155883789062,1831.125,1.0,1.0,1.0,2,5,0.0008258819580078125,1831.125
12,2,2,0.9166666666666666,0.9444444444444445,0.9166666666666666,2,7,0.0011572837829589844,1831.125,1.0,1.0,1.0,2,5,0.0008361339569091797,1831.125
15,2,2,0.8,0.8190476190476191,0.8333333333333334,2,7,0.0009508132934570312,1831.125,1.0,1.0,1.0,2,5,0.0007078647613525391,1831.125
18,2,2,0.8888888888888888,0.8833333333333333,0.8833333333333333,2,7,0.0007851123809814453,1831.125,1.0,1.0,1.0,2,5,0.0004968643188476562,1831.125
21,2,2,0.9047619047619048,0.9,0.9,2,7,0.0015850067138671875,1831.125,1.0,1.0,1.0,2,5,0.00046515464782714844,1831.125
24,2,2,0.8333333333333334,0.8397435897435898,0.7946969696969698,2,7,0.0009682178497314453,1831.125,1.0,1.0,1.0,2,5,0.00035119056701660156,1831.125
27,2,2,0.8148148148148148,0.8380952380952381,0.7919191919191918,2,7,0.0009019374847412109,1831.125,0.9629629629629629,0.9682539682539683,0.9629629629629629,2,5,0.0004742145538330078,1831.125
30,2,2,0.8333333333333334,0.8611111111111112,0.8278943278943279,2,7,0.0007150173187255859,1831.125,0.9666666666666667,0.9714285714285714,0.9666666666666667,2,5,0.00037217140197753906,1831.125
3,2,4,0.3333333333333333,0.1111111111111111,0.3333333333333333,0,1,6.198883056640625e-06,1831.125,0.3333333333333333,0.1111111111111111,0.3333333333333333,0,1,0.00039076805114746094,1831.125
6,2,4,0.8333333333333334,0.5555555555555555,0.6666666666666666,1,3,0.00023984909057617188,1831.125,0.8333333333333334,0.7222222222222222,0.8333333333333334,1,3,0.0003809928894042969,1831.125
9,2,4,0.8888888888888888,0.9166666666666666,0.8888888888888888,2,7,0.0005366802215576172,1831.125,1.0,1.0,1.0,2,5,0.00033783912658691406,1831.125
12,2,4,0.9166666666666666,0.9444444444444445,0.9166666666666666,2,7,0.0005822181701660156,1831.125,1.0,1.0,1.0,2,5,0.0003457069396972656,1831.125
15,2,4,0.8,0.8190476190476191,0.8333333333333334,2,7,0.0005478858947753906,1831.125,1.0,1.0,1.0,2,5,0.00032711029052734375,1831.125
18,2,4,0.8888888888888888,0.8833333333333333,0.8833333333333333,2,7,0.000576019287109375,1831.125,1.0,1.0,1.0,2,5,0.0003178119659423828,1831.125
21,2,4,0.9047619047619048,0.9,0.9,2,7,0.0005829334259033203,1831.125,1.0,1.0,1.0,2,5,0.0004107952117919922,1831.125
24,2,4,0.8333333333333334,0.8397435897435898,0.7946969696969698,2,7,0.0006341934204101562,1831.125,1.0,1.0,1.0,2,5,0.0003628730773925781,1831.125
27,2,4,0.8148148148148148,0.8380952380952381,0.7919191919191918,2,7,0.0005800724029541016,1831.125,0.9629629629629629,0.9682539682539683,0.9629629629629629,2,5,0.0003120899200439453,1831.125
30,2,4,0.8333333333333334,0.8611111111111112,0.8278943278943279,2,7,0.0005991458892822266,1831.125,0.9666666666666667,0.9714285714285714,0.9666666666666667,2,5,0.0003020763397216797,1831.125
3,2,8,0.3333333333333333,0.1111111111111111,0.3333333333333333,0,1,4.291534423828125e-06,1831.125,0.3333333333333333,0.1111111111111111,0.3333333333333333,0,1,0.0002720355987548828,1831.125
6,2,8,0.5,0.16666666666666666,0.3333333333333333,0,1,3.0994415283203125e-06,1831.125,0.5,0.25,0.5,0,1,0.00026798248291015625,1831.125
9,2,8,0.6666666666666666,0.45,0.6666666666666666,1,3,0.0001761913299560547,1831.125,0.6666666666666666,0.5,0.6666666666666666,1,3,0.00028204917907714844,1831.125
12,2,8,0.5833333333333334,0.38888888888888884,0.5333333333333333,1,3,0.00016689300537109375,1831.125,1.0,1.0,1.0,2,5,0.0002532005310058594,1831.125
15,2,8,0.8,0.8000000000000002,0.875,2,5,0.0003230571746826172,1831.125,1.0,1.0,1.0,2,5,0.0002532005310058594,1831.125
18,2,8,0.7777777777777778,0.7738095238095237,0.8166666666666668,2,5,0.00034618377685546875,1831.125,1.0,1.0,1.0,2,5,0.00024318695068359375,1831.125
21,2,8,0.9047619047619048,0.9,0.9,2,7,0.00046181678771972656,1831.125,1.0,1.0,1.0,2,5,0.00024080276489257812,1831.125
24,2,8,0.8333333333333334,0.8397435897435898,0.7946969696969698,2,7,0.0004951953887939453,1831.125,1.0,1.0,1.0,2,5,0.0002789497375488281,1831.125
27,2,8,0.8148148148148148,0.8380952380952381,0.7919191919191918,2,7,0.0004820823669433594,1831.125,0.9629629629629629,0.9682539682539683,0.9629629629629629,2,5,0.000247955322265625,1831.125
30,2,8,0.8333333333333334,0.8611111111111112,0.8278943278943279,2,7,0.0004949569702148438,1831.125,0.9666666666666667,0.9714285714285714,0.9666666666666667,2,5,0.0002410411834716797,1831.125
3,2,16,0.3333333333333333,0.1111111111111111,0.3333333333333333,0,1,2.1457672119140625e-06,1831.125,0.3333333333333333,0.1111111111111111,0.3333333333333333,0,1,0.00022077560424804688,1831.125
6,2,16,0.5,0.16666666666666666,0.3333333333333333,0,1,2.86102294921875e-06,1831.125,0.5,0.25,0.5,0,1,0.0002090930938720703,1831.125
9,2,16,0.3333333333333333,0.1111111111111111,0.3333333333333333,0,1,3.0994415283203125e-06,1831.125,0.3333333333333333,0.1111111111111111,0.3333333333333333,0,1,0.0002090930938720703,1831.125
12,2,16,0.4166666666666667,0.1388888888888889,0.3333333333333333,0,1,2.1457672119140625e-06,1831.125,0.4166666666666667,0.17361111111111113,0.4166666666666667,0,1,0.00021028518676757812,1831.125
15,2,16,0.5333333333333333,0.17777777777777778,0.3333333333333333,0,1,1.9073486328125e-06,1831.125,0.5333333333333333,0.28444444444444444,0.5333333333333333,0,1,0.0002067089080810547,1831.125
18,2,16,0.6666666666666666,0.4329004329004329,0.6,1,3,0.0001609325408935547,1831.125,0.7777777777777778,0.6190476190476191,0.7777777777777778,1,3,0.0002167224884033203,1831.125
21,2,16,0.6666666666666666,0.4444444444444444,0.6,1,3,0.00016307830810546875,1831.125,0.7619047619047619,0.6031746031746031,0.7619047619047619,1,3,0.00020503997802734375,1831.125
24,2,16,0.7083333333333334,0.47222222222222215,0.6060606060606061,1,3,0.00016689300537109375,1831.125,1.0,1.0,1.0,2,5,0.0002110004425048828,1831.125
27,2,16,0.7037037037037037,0.4688644688644688,0.6060606060606061,1,3,0.00017213821411132812,1831.125,0.9629629629629629,0.9682539682539683,0.9629629629629629,2,5,0.00020384788513183594,1831.125
30,2,16,0.7,0.4666666666666666,0.5897435897435898,1,3,0.00016808509826660156,1831.125,0.9666666666666667,0.9714285714285714,0.9666666666666667,2,5,0.0001990795135498047,1831.125
3,2,32,0.3333333333333333,0.1111111111111111,0.3333333333333333,0,1,3.0994415283203125e-06,1831.125,0.3333333333333333,0.1111111111111111,0.3333333333333333,0,1,0.0001881122589111328,1831.125
6,2,32,0.5,0.16666666666666666,0.3333333333333333,0,1,1.9073486328125e-06,1831.125,0.5,0.25,0.5,0,1,0.0001900196075439453,1831.125
9,2,32,0.3333333333333333,0.1111111111111111,0.3333333333333333,0,1,1.9073486328125e-06,1831.125,0.3333333333333333,0.1111111111111111,0.3333333333333333,0,1,0.00020503997802734375,1831.125
12,2,32,0.4166666666666667,0.1388888888888889,0.3333333333333333,0,1,1.9073486328125e-06,1831.125,0.4166666666666667,0.17361111111111113,0.4166666666666667,0,1,0.00018525123596191406,1831.125
15,2,32,0.5333333333333333,0.17777777777777778,0.3333333333333333,0,1,2.1457672119140625e-06,1831.125,0.5333333333333333,0.28444444444444444,0.5333333333333333,0,1,0.0001811981201171875,1831.125
18,2,32,0.5555555555555556,0.1851851851851852,0.3333333333333333,0,1,1.9073486328125e-06,1831.125,0.5555555555555556,0.30864197530864196,0.5555555555555556,0,1,0.00018286705017089844,1831.125
21,2,32,0.47619047619047616,0.15873015873015872,0.3333333333333333,0,1,3.0994415283203125e-06,1831.125,0.47619047619047616,0.22675736961451248,0.47619047619047616,0,1,0.00018286705017089844,1831.125
24,2,32,0.4583333333333333,0.15277777777777776,0.3333333333333333,0,1,2.1457672119140625e-06,1831.125,0.4583333333333333,0.21006944444444442,0.4583333333333333,0,1,0.00017905235290527344,1831.125
27,2,32,0.4074074074074074,0.13580246913580246,0.3333333333333333,0,1,1.9073486328125e-06,1831.125,0.4074074074074074,0.16598079561042522,0.4074074074074074,0,1,0.00016927719116210938,1831.125
30,2,32,0.43333333333333335,0.14444444444444446,0.3333333333333333,0,1,2.1457672119140625e-06,1831.125,0.43333333333333335,0.1877777777777778,0.43333333333333335,0,1,0.0001671314239501953,1831.125
3,2,64,0.3333333333333333,0.1111111111111111,0.3333333333333333,0,1,2.1457672119140625e-06,1831.125,0.3333333333333333,0.1111111111111111,0.3333333333333333,0,1,0.00016689300537109375,1831.125
6,2,64,0.5,0.16666666666666666,0.3333333333333333,0,1,2.1457672119140625e-06,1831.125,0.5,0.25,0.5,0,1,0.00016999244689941406,1831.125
9,2,64,0.3333333333333333,0.1111111111111111,0.3333333333333333,0,1,2.86102294921875e-06,1831.125,0.3333333333333333,0.1111111111111111,0.3333333333333333,0,1,0.00023889541625976562,1831.125
12,2,64,0.4166666666666667,0.1388888888888889,0.3333333333333333,0,1,2.86102294921875e-06,1831.125,0.4166666666666667,0.17361111111111113,0.4166666666666667,0,1,0.00019502639770507812,1831.125
15,2,64,0.5333333333333333,0.17777777777777778,0.3333333333333333,0,1,3.0994415283203125e-06,1831.125,0.5333333333333333,0.28444444444444444,0.5333333333333333,0,1,0.0001819133758544922,1831.125
18,2,64,0.5555555555555556,0.1851851851851852,0.3333333333333333,0,1,2.6226043701171875e-06,1831.125,0.5555555555555556,0.30864197530864196,0.5555555555555556,0,1,0.00017714500427246094,1831.125
21,2,64,0.47619047619047616,0.15873015873015872,0.3333333333333333,0,1,1.6689300537109375e-06,1831.125,0.47619047619047616,0.22675736961451248,0.47619047619047616,0,1,0.0001819133758544922,1831.125
24,2,64,0.4583333333333333,0.15277777777777776,0.3333333333333333,0,1,1.9073486328125e-06,1831.125,0.4583333333333333,0.21006944444444442,0.4583333333333333,0,1,0.0001709461212158203,1831.125
27,2,64,0.4074074074074074,0.13580246913580246,0.3333333333333333,0,1,1.9073486328125e-06,1831.125,0.4074074074074074,0.16598079561042522,0.4074074074074074,0,1,0.0001659393310546875,1831.125
30,2,64,0.43333333333333335,0.14444444444444446,0.3333333333333333,0,1,2.1457672119140625e-06,1831.125,0.43333333333333335,0.1877777777777778,0.43333333333333335,0,1,0.0001671314239501953,1831.125
3,4,2,1.0,1.0,1.0,2,5,0.00021219253540039062,1831.125,1.0,1.0,1.0,2,5,0.00019693374633789062,1831.125
6,4,2,1.0,1.0,1.0,2,5,0.0001971721649169922,1831.125,1.0,1.0,1.0,2,5,0.00018286705017089844,1831.125
9,4,2,1.0,1.0,1.0,3,9,0.00036907196044921875,1831.125,1.0,1.0,1.0,2,5,0.00018310546875,1831.125
12,4,2,1.0,1.0,1.0,3,9,0.00038504600524902344,1831.125,1.0,1.0,1.0,2,5,0.0001766681671142578,1831.125
15,4,2,1.0,1.0,1.0,3,11,0.0004742145538330078,1831.125,1.0,1.0,1.0,2,5,0.00017881393432617188,1831.125
18,4,2,1.0,1.0,1.0,4,13,0.0005679130554199219,1831.125,1.0,1.0,1.0,2,5,0.0001800060272216797,1831.125
21,4,2,1.0,1.0,1.0,4,13,0.0005822181701660156,1831.125,1.0,1.0,1.0,2,5,0.00018095970153808594,1831.125
24,4,2,1.0,1.0,1.0,4,15,0.0006740093231201172,1831.125,1.0,1.0,1.0,2,5,0.00017690658569335938,1831.125
27,4,2,1.0,1.0,1.0,4,17,0.0007891654968261719,1831.125,1.0,1.0,1.0,4,9,0.0001850128173828125,1831.125
30,4,2,0.9333333333333333,0.9555555555555556,0.8888888888888888,4,15,0.0007119178771972656,1831.125,1.0,1.0,1.0,4,9,0.0001811981201171875,1831.125
3,4,4,0.3333333333333333,0.1111111111111111,0.3333333333333333,0,1,2.1457672119140625e-06,1831.125,0.3333333333333333,0.1111111111111111,0.3333333333333333,0,1,0.00016617774963378906,1831.125
6,4,4,0.8333333333333334,0.5555555555555555,0.6666666666666666,1,3,0.0001049041748046875,1831.125,0.8333333333333334,0.7222222222222222,0.8333333333333334,1,3,0.0001697540283203125,1831.125
9,4,4,0.8888888888888888,0.9166666666666666,0.8888888888888888,2,7,0.0002827644348144531,1831.125,1.0,1.0,1.0,2,5,0.0001690387725830078,1831.125
12,4,4,0.9166666666666666,0.9444444444444445,0.9166666666666666,2,7,0.00029921531677246094,1831.125,1.0,1.0,1.0,2,5,0.00016999244689941406,1831.125
15,4,4,0.9333333333333333,0.9629629629629629,0.9166666666666666,3,9,0.00039696693420410156,1831.125,1.0,1.0,1.0,2,5,0.00017380714416503906,1831.125
18,4,4,0.8888888888888888,0.9444444444444445,0.8333333333333334,3,9,0.0004260540008544922,1831.125,1.0,1.0,1.0,2,5,0.0001709461212158203,1831.125
21,4,4,0.9047619047619048,0.9444444444444445,0.8666666666666667,3,9,0.0004169940948486328,1831.125,1.0,1.0,1.0,2,5,0.0001728534698486328,1831.125
24,4,4,0.9166666666666666,0.9487179487179488,0.8916666666666666,3,11,0.0005178451538085938,1831.125,1.0,1.0,1.0,2,5,0.00017070770263671875,1831.125
27,4,4,0.8888888888888888,0.8808080808080808,0.883838383838384,3,11,0.0005309581756591797,1831.125,0.9629629629629629,0.9660493827160493,0.9629629629629629,3,7,0.00017690658569335938,1831.125
30,4,4,0.9333333333333333,0.9188034188034188,0.9188034188034188,4,13,0.0006399154663085938,1831.125,0.9666666666666667,0.9690476190476189,0.9666666666666667,3,7,0.00017499923706054688,1831.125
3,4,8,0.3333333333333333,0.1111111111111111,0.3333333333333333,0,1,1.9073486328125e-06,1831.125,0.3333333333333333,0.1111111111111111,0.3333333333333333,0,1,0.00016307830810546875,1831.125
6,4,8,0.5,0.16666666666666666,0.3333333333333333,0,1,1.6689300537109375e-06,1831.125,0.5,0.25,0.5,0,1,0.0001671314239501953,1831.125
9,4,8,0.6666666666666666,0.45,0.6666666666666666,1,3,0.00010800361633300781,1831.125,0.6666666666666666,0.5,0.6666666666666666,1,3,0.00016689300537109375,1831.125
12,4,8,0.5833333333333334,0.38888888888888884,0.5333333333333333,1,3,0.00011372566223144531,1831.125,1.0,1.0,1.0,2,5,0.00016880035400390625,1831.125
15,4,8,0.8,0.8000000000000002,0.875,2,5,0.00022292137145996094,1831.125,1.0,1.0,1.0,2,5,0.00016999244689941406,1831.125
18,4,8,0.7777777777777778,0.7738095238095237,0.8166666666666668,2,5,0.0002319812774658203,1831.125,1.0,1.0,1.0,2,5,0.0001709461212158203,1831.125
21,4,8,0.9047619047619048,0.9,0.9,2,7,0.0003371238708496094,1831.125,1.0,1.0,1.0,2,5,0.00016999244689941406,1831.125
24,4,8,0.8333333333333334,0.8397435897435898,0.7946969696969698,2,7,0.0003452301025390625,1831.125,1.0,1.0,1.0,2,5,0.00017881393432617188,1831.140625
27,4,8,0.8148148148148148,0.8380952380952381,0.7919191919191918,2,7,0.0003597736358642578,1831.140625,0.9629629629629629,0.9682539682539683,0.9629629629629629,2,5,0.00017309188842773438,1831.140625
30,4,8,0.8333333333333334,0.8611111111111112,0.8278943278943279,2,7,0.0003750324249267578,1831.140625,0.9666666666666667,0.9714285714285714,0.9666666666666667,2,5,0.00017404556274414062,1831.140625
3,4,16,0.3333333333333333,0.1111111111111111,0.3333333333333333,0,1,2.1457672119140625e-06,1831.140625,0.3333333333333333,0.1111111111111111,0.3333333333333333,0,1,0.0001621246337890625,1831.140625
6,4,16,0.5,0.16666666666666666,0.3333333333333333,0,1,2.1457672119140625e-06,1831.140625,0.5,0.25,0.5,0,1,0.00016427040100097656,1831.140625
9,4,16,0.3333333333333333,0.1111111111111111,0.3333333333333333,0,1,2.1457672119140625e-06,1831.140625,0.3333333333333333,0.1111111111111111,0.3333333333333333,0,1,0.00016117095947265625,1831.140625
12,4,16,0.4166666666666667,0.1388888888888889,0.3333333333333333,0,1,2.1457672119140625e-06,1831.140625,0.4166666666666667,0.17361111111111113,0.4166666666666667,0,1,0.00016498565673828125,1831.140625
15,4,16,0.5333333333333333,0.17777777777777778,0.3333333333333333,0,1,1.9073486328125e-06,1831.140625,0.5333333333333333,0.28444444444444444,0.5333333333333333,0,1,0.00016307830810546875,1831.140625
18,4,16,0.6666666666666666,0.4329004329004329,0.6,1,3,0.0001270771026611328,1831.140625,0.7777777777777778,0.6190476190476191,0.7777777777777778,1,3,0.00016570091247558594,1831.140625
21,4,16,0.6666666666666666,0.4444444444444444,0.6,1,3,0.00013494491577148438,1831.140625,0.7619047619047619,0.6031746031746031,0.7619047619047619,1,3,0.00016999244689941406,1831.140625
24,4,16,0.7083333333333334,0.47222222222222215,0.6060606060606061,1,3,0.0001361370086669922,1831.140625,1.0,1.0,1.0,2,5,0.0001709461212158203,1831.140625
27,4,16,0.7037037037037037,0.4688644688644688,0.6060606060606061,1,3,0.00014209747314453125,1831.140625,0.9629629629629629,0.9682539682539683,0.9629629629629629,2,5,0.00017189979553222656,1831.140625
30,4,16,0.7,0.4666666666666666,0.5897435897435898,1,3,0.0001461505889892578,1831.140625,0.9666666666666667,0.9714285714285714,0.9666666666666667,2,5,0.0001690387725830078,1831.140625
3,4,32,0.3333333333333333,0.1111111111111111,0.3333333333333333,0,1,2.1457672119140625e-06,1831.140625,0.3333333333333333,0.1111111111111111,0.3333333333333333,0,1,0.00016117095947265625,1831.140625
6,4,32,0.5,0.16666666666666666,0.3333333333333333,0,1,9.5367431640625e-07,1831.140625,0.5,0.25,0.5,0,1,0.0001628398895263672,1831.140625
9,4,32,0.3333333333333333,0.1111111111111111,0.3333333333333333,0,1,1.9073486328125e-06,1831.140625,0.3333333333333333,0.1111111111111111,0.3333333333333333,0,1,0.00016069412231445312,1831.140625
12,4,32,0.4166666666666667,0.1388888888888889,0.3333333333333333,0,1,2.1457672119140625e-06,1831.140625,0.4166666666666667,0.17361111111111113,0.4166666666666667,0,1,0.000164031982421875,1831.140625
15,4,32,0.5333333333333333,0.17777777777777778,0.3333333333333333,0,1,1.9073486328125e-06,1831.140625,0.5333333333333333,0.28444444444444444,0.5333333333333333,0,1,0.00015997886657714844,1831.140625
18,4,32,0.5555555555555556,0.1851851851851852,0.3333333333333333,0,1,1.9073486328125e-06,1831.140625,0.5555555555555556,0.30864197530864196,0.5555555555555556,0,1,0.00016117095947265625,1831.140625
21,4,32,0.47619047619047616,0.15873015873015872,0.3333333333333333,0,1,2.1457672119140625e-06,1831.140625,0.47619047619047616,0.22675736961451248,0.47619047619047616,0,1,0.00016498565673828125,1831.140625
24,4,32,0.4583333333333333,0.15277777777777776,0.3333333333333333,0,1,3.0994415283203125e-06,1831.140625,0.4583333333333333,0.21006944444444442,0.4583333333333333,0,1,0.0001590251922607422,1831.140625
27,4,32,0.4074074074074074,0.13580246913580246,0.3333333333333333,0,1,1.9073486328125e-06,1831.140625,0.4074074074074074,0.16598079561042522,0.4074074074074074,0,1,0.0001628398895263672,1831.140625
30,4,32,0.43333333333333335,0.14444444444444446,0.3333333333333333,0,1,2.1457672119140625e-06,1831.140625,0.43333333333333335,0.1877777777777778,0.43333333333333335,0,1,0.0001621246337890625,1831.140625
3,4,64,0.3333333333333333,0.1111111111111111,0.3333333333333333,0,1,9.5367431640625e-07,1831.140625,0.3333333333333333,0.1111111111111111,0.3333333333333333,0,1,0.0001590251922607422,1831.140625
6,4,64,0.5,0.16666666666666666,0.3333333333333333,0,1,7.152557373046875e-07,1831.140625,0.5,0.25,0.5,0,1,0.0001590251922607422,1831.140625
9,4,64,0.3333333333333333,0.1111111111111111,0.3333333333333333,0,1,1.9073486328125e-06,1831.140625,0.3333333333333333,0.1111111111111111,0.3333333333333333,0,1,0.00016307830810546875,1831.140625
12,4,64,0.4166666666666667,0.1388888888888889,0.3333333333333333,0,1,2.1457672119140625e-06,1831.140625,0.4166666666666667,0.17361111111111113,0.4166666666666667,0,1,0.00015807151794433594,1831.140625
15,4,64,0.5333333333333333,0.17777777777777778,0.3333333333333333,0,1,2.1457672119140625e-06,1831.140625,0.5333333333333333,0.28444444444444444,0.5333333333333333,0,1,0.0001621246337890625,1831.140625
18,4,64,0.5555555555555556,0.1851851851851852,0.3333333333333333,0,1,1.9073486328125e-06,1831.140625,0.5555555555555556,0.30864197530864196,0.5555555555555556,0,1,0.00015997886657714844,1831.140625
21,4,64,0.47619047619047616,0.15873015873015872,0.3333333333333333,0,1,9.5367431640625e-07,1831.140625,0.47619047619047616,0.22675736961451248,0.47619047619047616,0,1,0.0001590251922607422,1831.140625
24,4,64,0.4583333333333333,0.15277777777777776,0.3333333333333333,0,1,1.9073486328125e-06,1831.140625,0.4583333333333333,0.21006944444444442,0.4583333333333333,0,1,0.0001609325408935547,1831.140625
27,4,64,0.4074074074074074,0.13580246913580246,0.3333333333333333,0,1,2.1457672119140625e-06,1831.140625,0.4074074074074074,0.16598079561042522,0.4074074074074074,0,1,0.0001609325408935547,1831.140625
30,4,64,0.43333333333333335,0.14444444444444446,0.3333333333333333,0,1,2.86102294921875e-06,1831.140625,0.43333333333333335,0.1877777777777778,0.43333333333333335,0,1,0.000164031982421875,1831.140625
3,6,2,1.0,1.0,1.0,2,5,0.0001800060272216797,1831.140625,1.0,1.0,1.0,2,5,0.00016188621520996094,1831.140625
6,6,2,1.0,1.0,1.0,2,5,0.00018405914306640625,1831.140625,1.0,1.0,1.0,2,5,0.000164031982421875,1831.140625
9,6,2,1.0,1.0,1.0,3,9,0.0003790855407714844,1831.140625,1.0,1.0,1.0,2,5,0.0001678466796875,1831.140625
12,6,2,1.0,1.0,1.0,3,9,0.00039505958557128906,1831.15625,1.0,1.0,1.0,2,5,0.0001728534698486328,1831.15625
15,6,2,1.0,1.0,1.0,3,11,0.0004680156707763672,1831.15625,1.0,1.0,1.0,2,5,0.0001690387725830078,1831.15625
18,6,2,1.0,1.0,1.0,4,13,0.0005600452423095703,1831.15625,1.0,1.0,1.0,2,5,0.00017380714416503906,1831.15625
21,6,2,1.0,1.0,1.0,4,13,0.0005731582641601562,1831.15625,1.0,1.0,1.0,2,5,0.00017571449279785156,1831.15625
24,6,2,1.0,1.0,1.0,4,15,0.0006661415100097656,1831.15625,1.0,1.0,1.0,2,5,0.00017380714416503906,1831.171875
27,6,2,1.0,1.0,1.0,4,17,0.0007588863372802734,1831.171875,1.0,1.0,1.0,4,9,0.00017189979553222656,1831.171875
30,6,2,1.0,1.0,1.0,5,19,0.0008590221405029297,1831.171875,1.0,1.0,1.0,4,9,0.00017404556274414062,1831.171875
3,6,4,0.3333333333333333,0.1111111111111111,0.3333333333333333,0,1,2.1457672119140625e-06,1831.171875,0.3333333333333333,0.1111111111111111,0.3333333333333333,0,1,0.00016427040100097656,1831.171875
6,6,4,0.8333333333333334,0.5555555555555555,0.6666666666666666,1,3,0.00010204315185546875,1831.171875,0.8333333333333334,0.7222222222222222,0.8333333333333334,1,3,0.00016379356384277344,1831.171875
9,6,4,0.8888888888888888,0.9166666666666666,0.8888888888888888,2,7,0.0002810955047607422,1831.171875,1.0,1.0,1.0,2,5,0.000164031982421875,1831.171875
12,6,4,0.9166666666666666,0.9444444444444445,0.9166666666666666,2,7,0.00031876564025878906,1831.171875,1.0,1.0,1.0,2,5,0.0001671314239501953,1831.171875
15,6,4,0.9333333333333333,0.9629629629629629,0.9166666666666666,3,9,0.00039005279541015625,1831.171875,1.0,1.0,1.0,2,5,0.00016689300537109375,1831.171875
18,6,4,0.8888888888888888,0.9444444444444445,0.8333333333333334,3,9,0.0003998279571533203,1831.171875,1.0,1.0,1.0,2,5,0.00016999244689941406,1831.171875
21,6,4,0.9047619047619048,0.9444444444444445,0.8666666666666667,3,9,0.00041794776916503906,1831.171875,1.0,1.0,1.0,2,5,0.00016999244689941406,1831.171875
24,6,4,0.9166666666666666,0.9487179487179488,0.8916666666666666,3,11,0.00051116943359375,1831.171875,1.0,1.0,1.0,2,5,0.00017380714416503906,1831.171875
27,6,4,0.8888888888888888,0.8808080808080808,0.883838383838384,3,11,0.0005288124084472656,1831.171875,0.9629629629629629,0.9660493827160493,0.9629629629629629,3,7,0.000171661376953125,1831.171875
30,6,4,0.9333333333333333,0.9188034188034188,0.9188034188034188,4,13,0.0006239414215087891,1831.171875,0.9666666666666667,0.9690476190476189,0.9666666666666667,3,7,0.0001761913299560547,1831.171875
3,6,8,0.3333333333333333,0.1111111111111111,0.3333333333333333,0,1,2.1457672119140625e-06,1831.171875,0.3333333333333333,0.1111111111111111,0.3333333333333333,0,1,0.00016069412231445312,1831.171875
6,6,8,0.5,0.16666666666666666,0.3333333333333333,0,1,2.1457672119140625e-06,1831.171875,0.5,0.25,0.5,0,1,0.000164031982421875,1831.171875
9,6,8,0.6666666666666666,0.45,0.6666666666666666,1,3,0.00010704994201660156,1831.171875,0.6666666666666666,0.5,0.6666666666666666,1,3,0.00016498565673828125,1831.171875
12,6,8,0.5833333333333334,0.38888888888888884,0.5333333333333333,1,3,0.00011181831359863281,1831.171875,1.0,1.0,1.0,2,5,0.000164031982421875,1831.171875
15,6,8,0.8,0.8000000000000002,0.875,2,5,0.00024127960205078125,1831.171875,1.0,1.0,1.0,2,5,0.00016736984252929688,1831.171875
18,6,8,0.7777777777777778,0.7738095238095237,0.8166666666666668,2,5,0.00022602081298828125,1831.171875,1.0,1.0,1.0,2,5,0.00016617774963378906,1831.171875
21,6,8,0.9047619047619048,0.9,0.9,2,7,0.000335693359375,1831.171875,1.0,1.0,1.0,2,5,0.00016999244689941406,1831.171875
24,6,8,0.8333333333333334,0.8397435897435898,0.7946969696969698,2,7,0.0003409385681152344,1831.171875,1.0,1.0,1.0,2,5,0.0001690387725830078,1831.171875
27,6,8,0.8148148148148148,0.8380952380952381,0.7919191919191918,2,7,0.0003561973571777344,1831.171875,0.9629629629629629,0.9682539682539683,0.9629629629629629,2,5,0.00016999244689941406,1831.171875
30,6,8,0.8333333333333334,0.8611111111111112,0.8278943278943279,2,7,0.00036597251892089844,1831.171875,0.9666666666666667,0.9714285714285714,0.9666666666666667,2,5,0.00017213821411132812,1831.171875
3,6,16,0.3333333333333333,0.1111111111111111,0.3333333333333333,0,1,2.1457672119140625e-06,1831.171875,0.3333333333333333,0.1111111111111111,0.3333333333333333,0,1,0.00016307830810546875,1831.171875
6,6,16,0.5,0.16666666666666666,0.3333333333333333,0,1,1.6689300537109375e-06,1831.171875,0.5,0.25,0.5,0,1,0.00015997886657714844,1831.171875
9,6,16,0.3333333333333333,0.1111111111111111,0.3333333333333333,0,1,2.1457672119140625e-06,1831.171875,0.3333333333333333,0.1111111111111111,0.3333333333333333,0,1,0.00016307830810546875,1831.171875
12,6,16,0.4166666666666667,0.1388888888888889,0.3333333333333333,0,1,2.1457672119140625e-06,1831.171875,0.4166666666666667,0.17361111111111113,0.4166666666666667,0,1,0.000164031982421875,1831.171875
15,6,16,0.5333333333333333,0.17777777777777778,0.3333333333333333,0,1,2.1457672119140625e-06,1831.171875,0.5333333333333333,0.28444444444444444,0.5333333333333333,0,1,0.0001609325408935547,1831.171875
18,6,16,0.6666666666666666,0.4329004329004329,0.6,1,3,0.000125885009765625,1831.171875,0.7777777777777778,0.6190476190476191,0.7777777777777778,1,3,0.0001647472381591797,1831.171875
21,6,16,0.6666666666666666,0.4444444444444444,0.6,1,3,0.00012993812561035156,1831.171875,0.7619047619047619,0.6031746031746031,0.7619047619047619,1,3,0.00016379356384277344,1831.171875
24,6,16,0.7083333333333334,0.47222222222222215,0.6060606060606061,1,3,0.0001499652862548828,1831.171875,1.0,1.0,1.0,2,5,0.00016999244689941406,1831.171875
27,6,16,0.7037037037037037,0.4688644688644688,0.6060606060606061,1,3,0.000141143798828125,1831.171875,0.9629629629629629,0.9682539682539683,0.9629629629629629,2,5,0.00016570091247558594,1831.171875
30,6,16,0.7,0.4666666666666666,0.5897435897435898,1,3,0.00014472007751464844,1831.171875,0.9666666666666667,0.9714285714285714,0.9666666666666667,2,5,0.00016999244689941406,1831.171875
3,6,32,0.3333333333333333,0.1111111111111111,0.3333333333333333,0,1,1.9073486328125e-06,1831.171875,0.3333333333333333,0.1111111111111111,0.3333333333333333,0,1,0.00016307830810546875,1831.171875
6,6,32,0.5,0.16666666666666666,0.3333333333333333,0,1,2.1457672119140625e-06,1831.171875,0.5,0.25,0.5,0,1,0.0001609325408935547,1831.171875
9,6,32,0.3333333333333333,0.1111111111111111,0.3333333333333333,0,1,2.1457672119140625e-06,1831.171875,0.3333333333333333,0.1111111111111111,0.3333333333333333,0,1,0.000164031982421875,1831.171875
12,6,32,0.4166666666666667,0.1388888888888889,0.3333333333333333,0,1,1.9073486328125e-06,1831.171875,0.4166666666666667,0.17361111111111113,0.4166666666666667,0,1,0.00016307830810546875,1831.171875
15,6,32,0.5333333333333333,0.17777777777777778,0.3333333333333333,0,1,2.1457672119140625e-06,1831.171875,0.5333333333333333,0.28444444444444444,0.5333333333333333,0,1,0.00015997886657714844,1831.171875
18,6,32,0.5555555555555556,0.1851851851851852,0.3333333333333333,0,1,3.0994415283203125e-06,1831.171875,0.5555555555555556,0.30864197530864196,0.5555555555555556,0,1,0.0001590251922607422,1831.171875
21,6,32,0.47619047619047616,0.15873015873015872,0.3333333333333333,0,1,2.1457672119140625e-06,1831.171875,0.47619047619047616,0.22675736961451248,0.47619047619047616,0,1,0.0001621246337890625,1831.171875
24,6,32,0.4583333333333333,0.15277777777777776,0.3333333333333333,0,1,1.9073486328125e-06,1831.171875,0.4583333333333333,0.21006944444444442,0.4583333333333333,0,1,0.00016832351684570312,1831.1875
27,6,32,0.4074074074074074,0.13580246913580246,0.3333333333333333,0,1,1.9073486328125e-06,1831.1875,0.4074074074074074,0.16598079561042522,0.4074074074074074,0,1,0.000164031982421875,1831.1875
30,6,32,0.43333333333333335,0.14444444444444446,0.3333333333333333,0,1,2.86102294921875e-06,1831.1875,0.43333333333333335,0.1877777777777778,0.43333333333333335,0,1,0.0001621246337890625,1831.1875
3,6,64,0.3333333333333333,0.1111111111111111,0.3333333333333333,0,1,9.5367431640625e-07,1831.1875,0.3333333333333333,0.1111111111111111,0.3333333333333333,0,1,0.0001609325408935547,1831.1875
6,6,64,0.5,0.16666666666666666,0.3333333333333333,0,1,1.9073486328125e-06,1831.1875,0.5,0.25,0.5,0,1,0.0001590251922607422,1831.1875
9,6,64,0.3333333333333333,0.1111111111111111,0.3333333333333333,0,1,1.6689300537109375e-06,1831.1875,0.3333333333333333,0.1111111111111111,0.3333333333333333,0,1,0.00016117095947265625,1831.1875
12,6,64,0.4166666666666667,0.1388888888888889,0.3333333333333333,0,1,7.152557373046875e-07,1831.1875,0.4166666666666667,0.17361111111111113,0.4166666666666667,0,1,0.00016117095947265625,1831.1875
15,6,64,0.5333333333333333,0.17777777777777778,0.3333333333333333,0,1,2.1457672119140625e-06,1831.1875,0.5333333333333333,0.28444444444444444,0.5333333333333333,0,1,0.00016498565673828125,1831.203125
18,6,64,0.5555555555555556,0.1851851851851852,0.3333333333333333,0,1,1.6689300537109375e-06,1831.203125,0.5555555555555556,0.30864197530864196,0.5555555555555556,0,1,0.00016617774963378906,1831.203125
21,6,64,0.47619047619047616,0.15873015873015872,0.3333333333333333,0,1,2.1457672119140625e-06,1831.203125,0.47619047619047616,0.22675736961451248,0.47619047619047616,0,1,0.00016617774963378906,1831.203125
24,6,64,0.4583333333333333,0.15277777777777776,0.3333333333333333,0,1,1.9073486328125e-06,1831.203125,0.4583333333333333,0.21006944444444442,0.4583333333333333,0,1,0.0001647472381591797,1831.203125
27,6,64,0.4074074074074074,0.13580246913580246,0.3333333333333333,0,1,1.9073486328125e-06,1831.203125,0.4074074074074074,0.16598079561042522,0.4074074074074074,0,1,0.00016880035400390625,1831.203125
30,6,64,0.43333333333333335,0.14444444444444446,0.3333333333333333,0,1,1.9073486328125e-06,1831.203125,0.43333333333333335,0.1877777777777778,0.43333333333333335,0,1,0.00016307830810546875,1831.203125
3,8,2,1.0,1.0,1.0,2,5,0.0001780986785888672,1831.203125,1.0,1.0,1.0,2,5,0.0001621246337890625,1831.203125
6,8,2,1.0,1.0,1.0,2,5,0.0001850128173828125,1831.203125,1.0,1.0,1.0,2,5,0.00016689300537109375,1831.203125
9,8,2,1.0,1.0,1.0,3,9,0.00035691261291503906,1831.203125,1.0,1.0,1.0,2,5,0.00016927719116210938,1831.203125
12,8,2,1.0,1.0,1.0,3,9,0.0003688335418701172,1831.203125,1.0,1.0,1.0,2,5,0.00016498565673828125,1831.203125
15,8,2,1.0,1.0,1.0,3,11,0.0004680156707763672,1831.203125,1.0,1.0,1.0,2,5,0.0001678466796875,1831.203125
18,8,2,1.0,1.0,1.0,4,13,0.0005519390106201172,1831.203125,1.0,1.0,1.0,2,5,0.00016689300537109375,1831.203125
21,8,2,1.0,1.0,1.0,4,13,0.0005669593811035156,1831.203125,1.0,1.0,1.0,2,5,0.00016689300537109375,1831.203125
24,8,2,1.0,1.0,1.0,4,15,0.0007140636444091797,1831.203125,1.0,1.0,1.0,2,5,0.00018787384033203125,1831.203125
27,8,2,1.0,1.0,1.0,4,17,0.0008051395416259766,1831.203125,1.0,1.0,1.0,4,9,0.00018405914306640625,1831.203125
30,8,2,1.0,1.0,1.0,5,19,0.0008597373962402344,1831.203125,1.0,1.0,1.0,4,9,0.000186920166015625,1831.203125
3,8,4,0.3333333333333333,0.1111111111111111,0.3333333333333333,0,1,2.86102294921875e-06,1831.203125,0.3333333333333333,0.1111111111111111,0.3333333333333333,0,1,0.00016379356384277344,1831.203125
6,8,4,0.8333333333333334,0.5555555555555555,0.6666666666666666,1,3,0.00010228157043457031,1831.203125,0.8333333333333334,0.7222222222222222,0.8333333333333334,1,3,0.00017189979553222656,1831.203125
9,8,4,0.8888888888888888,0.9166666666666666,0.8888888888888888,2,7,0.0002830028533935547,1831.203125,1.0,1.0,1.0,2,5,0.00017189979553222656,1831.203125
12,8,4,0.9166666666666666,0.9444444444444445,0.9166666666666666,2,7,0.00029397010803222656,1831.203125,1.0,1.0,1.0,2,5,0.0001690387725830078,1831.203125
15,8,4,0.9333333333333333,0.9629629629629629,0.9166666666666666,3,9,0.0003917217254638672,1831.203125,1.0,1.0,1.0,2,5,0.00017786026000976562,1831.203125
18,8,4,0.8888888888888888,0.9444444444444445,0.8333333333333334,3,9,0.00043892860412597656,1831.203125,1.0,1.0,1.0,2,5,0.00017404556274414062,1831.203125
21,8,4,0.9047619047619048,0.9444444444444445,0.8666666666666667,3,9,0.0004391670227050781,1831.203125,1.0,1.0,1.0,2,5,0.0001747608184814453,1831.203125
24,8,4,0.9166666666666666,0.9487179487179488,0.8916666666666666,3,11,0.000514984130859375,1831.203125,1.0,1.0,1.0,2,5,0.0001742839813232422,1831.203125
27,8,4,0.8888888888888888,0.8808080808080808,0.883838383838384,3,11,0.0005290508270263672,1831.203125,0.9629629629629629,0.9660493827160493,0.9629629629629629,3,7,0.00017690658569335938,1831.203125
30,8,4,0.9333333333333333,0.9188034188034188,0.9188034188034188,4,13,0.0006279945373535156,1831.203125,0.9666666666666667,0.9690476190476189,0.9666666666666667,3,7,0.00017690658569335938,1831.203125
3,8,8,0.3333333333333333,0.1111111111111111,0.3333333333333333,0,1,1.9073486328125e-06,1831.203125,0.3333333333333333,0.1111111111111111,0.3333333333333333,0,1,0.00016379356384277344,1831.203125
6,8,8,0.5,0.16666666666666666,0.3333333333333333,0,1,1.9073486328125e-06,1831.203125,0.5,0.25,0.5,0,1,0.0001621246337890625,1831.203125
9,8,8,0.6666666666666666,0.45,0.6666666666666666,1,3,0.00010776519775390625,1831.203125,0.6666666666666666,0.5,0.6666666666666666,1,3,0.0001659393310546875,1831.203125
12,8,8,0.5833333333333334,0.38888888888888884,0.5333333333333333,1,3,0.00011324882507324219,1831.203125,1.0,1.0,1.0,2,5,0.0001678466796875,1831.203125
15,8,8,0.8,0.8000000000000002,0.875,2,5,0.0002219676971435547,1831.203125,1.0,1.0,1.0,2,5,0.00016999244689941406,1831.203125
18,8,8,0.7777777777777778,0.7738095238095237,0.8166666666666668,2,5,0.00023102760314941406,1831.203125,1.0,1.0,1.0,2,5,0.00017189979553222656,1831.203125
21,8,8,0.9047619047619048,0.9,0.9,2,7,0.0003349781036376953,1831.203125,1.0,1.0,1.0,2,5,0.0001919269561767578,1831.203125
24,8,8,0.8333333333333334,0.8397435897435898,0.7946969696969698,2,7,0.0003440380096435547,1831.203125,1.0,1.0,1.0,2,5,0.00017833709716796875,1831.21875
27,8,8,0.8148148148148148,0.8380952380952381,0.7919191919191918,2,7,0.0003581047058105469,1831.21875,0.9629629629629629,0.9682539682539683,0.9629629629629629,2,5,0.0001728534698486328,1831.21875
30,8,8,0.8333333333333334,0.8611111111111112,0.8278943278943279,2,7,0.00037097930908203125,1831.21875,0.9666666666666667,0.9714285714285714,0.9666666666666667,2,5,0.00017595291137695312,1831.21875
3,8,16,0.3333333333333333,0.1111111111111111,0.3333333333333333,0,1,2.1457672119140625e-06,1831.21875,0.3333333333333333,0.1111111111111111,0.3333333333333333,0,1,0.0001647472381591797,1831.21875
6,8,16,0.5,0.16666666666666666,0.3333333333333333,0,1,2.1457672119140625e-06,1831.21875,0.5,0.25,0.5,0,1,0.00015997886657714844,1831.21875
9,8,16,0.3333333333333333,0.1111111111111111,0.3333333333333333,0,1,1.9073486328125e-06,1831.21875,0.3333333333333333,0.1111111111111111,0.3333333333333333,0,1,0.00016379356384277344,1831.21875
12,8,16,0.4166666666666667,0.1388888888888889,0.3333333333333333,0,1,1.9073486328125e-06,1831.21875,0.4166666666666667,0.17361111111111113,0.4166666666666667,0,1,0.000164031982421875,1831.21875
15,8,16,0.5333333333333333,0.17777777777777778,0.3333333333333333,0,1,2.1457672119140625e-06,1831.21875,0.5333333333333333,0.28444444444444444,0.5333333333333333,0,1,0.00016498565673828125,1831.21875
18,8,16,0.6666666666666666,0.4329004329004329,0.6,1,3,0.00012683868408203125,1831.21875,0.7777777777777778,0.6190476190476191,0.7777777777777778,1,3,0.00016999244689941406,1831.21875
21,8,16,0.6666666666666666,0.4444444444444444,0.6,1,3,0.00013113021850585938,1831.21875,0.7619047619047619,0.6031746031746031,0.7619047619047619,1,3,0.00016689300537109375,1831.21875
24,8,16,0.7083333333333334,0.47222222222222215,0.6060606060606061,1,3,0.00013899803161621094,1831.21875,1.0,1.0,1.0,2,5,0.00016999244689941406,1831.21875
27,8,16,0.7037037037037037,0.4688644688644688,0.6060606060606061,1,3,0.00014090538024902344,1831.21875,0.9629629629629629,0.9682539682539683,0.9629629629629629,2,5,0.00017404556274414062,1831.21875
30,8,16,0.7,0.4666666666666666,0.5897435897435898,1,3,0.00014591217041015625,1831.21875,0.9666666666666667,0.9714285714285714,0.9666666666666667,2,5,0.00019502639770507812,1831.21875
3,8,32,0.3333333333333333,0.1111111111111111,0.3333333333333333,0,1,1.9073486328125e-06,1831.21875,0.3333333333333333,0.1111111111111111,0.3333333333333333,0,1,0.00016379356384277344,1831.21875
6,8,32,0.5,0.16666666666666666,0.3333333333333333,0,1,1.9073486328125e-06,1831.21875,0.5,0.25,0.5,0,1,0.0001609325408935547,1831.21875
9,8,32,0.3333333333333333,0.1111111111111111,0.3333333333333333,0,1,2.1457672119140625e-06,1831.21875,0.3333333333333333,0.1111111111111111,0.3333333333333333,0,1,0.0001621246337890625,1831.21875
12,8,32,0.4166666666666667,0.1388888888888889,0.3333333333333333,0,1,1.9073486328125e-06,1831.21875,0.4166666666666667,0.17361111111111113,0.4166666666666667,0,1,0.00016188621520996094,1831.21875
15,8,32,0.5333333333333333,0.17777777777777778,0.3333333333333333,0,1,1.9073486328125e-06,1831.21875,0.5333333333333333,0.28444444444444444,0.5333333333333333,0,1,0.00016498565673828125,1831.21875
18,8,32,0.5555555555555556,0.1851851851851852,0.3333333333333333,0,1,1.9073486328125e-06,1831.21875,0.5555555555555556,0.30864197530864196,0.5555555555555556,0,1,0.00016999244689941406,1831.234375
21,8,32,0.47619047619047616,0.15873015873015872,0.3333333333333333,0,1,1.6689300537109375e-06,1831.234375,0.47619047619047616,0.22675736961451248,0.47619047619047616,0,1,0.00016188621520996094,1831.234375
24,8,32,0.4583333333333333,0.15277777777777776,0.3333333333333333,0,1,1.6689300537109375e-06,1831.234375,0.4583333333333333,0.21006944444444442,0.4583333333333333,0,1,0.00016808509826660156,1831.234375
27,8,32,0.4074074074074074,0.13580246913580246,0.3333333333333333,0,1,2.1457672119140625e-06,1831.234375,0.4074074074074074,0.16598079561042522,0.4074074074074074,0,1,0.0001728534698486328,1831.234375
30,8,32,0.43333333333333335,0.14444444444444446,0.3333333333333333,0,1,1.9073486328125e-06,1831.234375,0.43333333333333335,0.1877777777777778,0.43333333333333335,0,1,0.0001621246337890625,1831.234375
3,8,64,0.3333333333333333,0.1111111111111111,0.3333333333333333,0,1,9.5367431640625e-07,1831.234375,0.3333333333333333,0.1111111111111111,0.3333333333333333,0,1,0.00016188621520996094,1831.234375
6,8,64,0.5,0.16666666666666666,0.3333333333333333,0,1,2.1457672119140625e-06,1831.234375,0.5,0.25,0.5,0,1,0.0001621246337890625,1831.234375
9,8,64,0.3333333333333333,0.1111111111111111,0.3333333333333333,0,1,2.1457672119140625e-06,1831.234375,0.3333333333333333,0.1111111111111111,0.3333333333333333,0,1,0.000164031982421875,1831.234375
12,8,64,0.4166666666666667,0.1388888888888889,0.3333333333333333,0,1,2.1457672119140625e-06,1831.234375,0.4166666666666667,0.17361111111111113,0.4166666666666667,0,1,0.00016307830810546875,1831.234375
15,8,64,0.5333333333333333,0.17777777777777778,0.3333333333333333,0,1,9.5367431640625e-07,1831.234375,0.5333333333333333,0.28444444444444444,0.5333333333333333,0,1,0.00016188621520996094,1831.234375
18,8,64,0.5555555555555556,0.1851851851851852,0.3333333333333333,0,1,1.1920928955078125e-06,1831.234375,0.5555555555555556,0.30864197530864196,0.5555555555555556,0,1,0.00016307830810546875,1831.234375
21,8,64,0.47619047619047616,0.15873015873015872,0.3333333333333333,0,1,2.1457672119140625e-06,1831.234375,0.47619047619047616,0.22675736961451248,0.47619047619047616,0,1,0.0001609325408935547,1831.234375
24,8,64,0.4583333333333333,0.15277777777777776,0.3333333333333333,0,1,1.9073486328125e-06,1831.234375,0.4583333333333333,0.21006944444444442,0.4583333333333333,0,1,0.0001609325408935547,1831.234375
27,8,64,0.4074074074074074,0.13580246913580246,0.3333333333333333,0,1,1.9073486328125e-06,1831.234375,0.4074074074074074,0.16598079561042522,0.4074074074074074,0,1,0.00016617774963378906,1831.234375
30,8,64,0.43333333333333335,0.14444444444444446,0.3333333333333333,0,1,2.1457672119140625e-06,1831.234375,0.43333333333333335,0.1877777777777778,0.43333333333333335,0,1,0.00016498565673828125,1831.234375
3,10,2,1.0,1.0,1.0,2,5,0.00017905235290527344,1831.234375,1.0,1.0,1.0,2,5,0.0001690387725830078,1831.234375
6,10,2,1.0,1.0,1.0,2,5,0.00019121170043945312,1831.234375,1.0,1.0,1.0,2,5,0.000164031982421875,1831.234375
9,10,2,1.0,1.0,1.0,3,9,0.00035572052001953125,1831.234375,1.0,1.0,1.0,2,5,0.00017118453979492188,1831.234375
12,10,2,1.0,1.0,1.0,3,9,0.000370025634765625,1831.234375,1.0,1.0,1.0,2,5,0.0001659393310546875,1831.234375
15,10,2,1.0,1.0,1.0,3,11,0.0004780292510986328,1831.234375,1.0,1.0,1.0,2,5,0.00017404556274414062,1831.234375
18,10,2,1.0,1.0,1.0,4,13,0.0005559921264648438,1831.234375,1.0,1.0,1.0,2,5,0.00017213821411132812,1831.234375
21,10,2,1.0,1.0,1.0,4,13,0.0005700588226318359,1831.234375,1.0,1.0,1.0,2,5,0.00017118453979492188,1831.234375
24,10,2,1.0,1.0,1.0,4,15,0.0006620883941650391,1831.234375,1.0,1.0,1.0,2,5,0.0001761913299560547,1831.25
27,10,2,1.0,1.0,1.0,4,17,0.0007801055908203125,1831.25,1.0,1.0,1.0,4,9,0.00017499923706054688,1831.25
30,10,2,1.0,1.0,1.0,5,19,0.000858306884765625,1831.25,1.0,1.0,1.0,4,9,0.00017499923706054688,1831.25
3,10,4,0.3333333333333333,0.1111111111111111,0.3333333333333333,0,1,2.1457672119140625e-06,1831.25,0.3333333333333333,0.1111111111111111,0.3333333333333333,0,1,0.00016379356384277344,1831.25
6,10,4,0.8333333333333334,0.5555555555555555,0.6666666666666666,1,3,0.00010085105895996094,1831.25,0.8333333333333334,0.7222222222222222,0.8333333333333334,1,3,0.0001652240753173828,1831.25
9,10,4,0.8888888888888888,0.9166666666666666,0.8888888888888888,2,7,0.0002808570861816406,1831.25,1.0,1.0,1.0,2,5,0.0001690387725830078,1831.25
12,10,4,0.9166666666666666,0.9444444444444445,0.9166666666666666,2,7,0.00029277801513671875,1831.25,1.0,1.0,1.0,2,5,0.0001678466796875,1831.25
15,10,4,0.9333333333333333,0.9629629629629629,0.9166666666666666,3,9,0.0004069805145263672,1831.25,1.0,1.0,1.0,2,5,0.00016999244689941406,1831.25
18,10,4,0.8888888888888888,0.9444444444444445,0.8333333333333334,3,9,0.0004038810729980469,1831.25,1.0,1.0,1.0,2,5,0.0001697540283203125,1831.25
21,10,4,0.9047619047619048,0.9444444444444445,0.8666666666666667,3,9,0.0004150867462158203,1831.25,1.0,1.0,1.0,2,5,0.00016689300537109375,1831.25
24,10,4,0.9166666666666666,0.9487179487179488,0.8916666666666666,3,11,0.0005114078521728516,1831.25,1.0,1.0,1.0,2,5,0.0001709461212158203,1831.25
27,10,4,0.8888888888888888,0.8808080808080808,0.883838383838384,3,11,0.00054931640625,1831.25,0.9629629629629629,0.9660493827160493,0.9629629629629629,3,7,0.00017404556274414062,1831.25
30,10,4,0.9333333333333333,0.9188034188034188,0.9188034188034188,4,13,0.0006251335144042969,1831.25,0.9666666666666667,0.9690476190476189,0.9666666666666667,3,7,0.0001709461212158203,1831.25
3,10,8,0.3333333333333333,0.1111111111111111,0.3333333333333333,0,1,2.1457672119140625e-06,1831.25,0.3333333333333333,0.1111111111111111,0.3333333333333333,0,1,0.0001659393310546875,1831.25
6,10,8,0.5,0.16666666666666666,0.3333333333333333,0,1,9.5367431640625e-07,1831.25,0.5,0.25,0.5,0,1,0.00016117095947265625,1831.25
9,10,8,0.6666666666666666,0.45,0.6666666666666666,1,3,0.00010800361633300781,1831.25,0.6666666666666666,0.5,0.6666666666666666,1,3,0.0001659393310546875,1831.25
12,10,8,0.5833333333333334,0.38888888888888884,0.5333333333333333,1,3,0.00011301040649414062,1831.25,1.0,1.0,1.0,2,5,0.0001652240753173828,1831.25
15,10,8,0.8,0.8000000000000002,0.875,2,5,0.00022029876708984375,1831.25,1.0,1.0,1.0,2,5,0.00017070770263671875,1831.25
18,10,8,0.7777777777777778,0.7738095238095237,0.8166666666666668,2,5,0.0002269744873046875,1831.25,1.0,1.0,1.0,2,5,0.00016832351684570312,1831.25
21,10,8,0.9047619047619048,0.9,0.9,2,7,0.0003368854522705078,1831.25,1.0,1.0,1.0,2,5,0.00017118453979492188,1831.25
24,10,8,0.8333333333333334,0.8397435897435898,0.7946969696969698,2,7,0.0003440380096435547,1831.25,1.0,1.0,1.0,2,5,0.0001690387725830078,1831.25
27,10,8,0.8148148148148148,0.8380952380952381,0.7919191919191918,2,7,0.0003600120544433594,1831.25,0.9629629629629629,0.9682539682539683,0.9629629629629629,2,5,0.00017309188842773438,1831.25
30,10,8,0.8333333333333334,0.8611111111111112,0.8278943278943279,2,7,0.0003669261932373047,1831.25,0.9666666666666667,0.9714285714285714,0.9666666666666667,2,5,0.0001709461212158203,1831.25
3,10,16,0.3333333333333333,0.1111111111111111,0.3333333333333333,0,1,1.9073486328125e-06,1831.25,0.3333333333333333,0.1111111111111111,0.3333333333333333,0,1,0.0001659393310546875,1831.25
6,10,16,0.5,0.16666666666666666,0.3333333333333333,0,1,1.9073486328125e-06,1831.25,0.5,0.25,0.5,0,1,0.00015807151794433594,1831.25
9,10,16,0.3333333333333333,0.1111111111111111,0.3333333333333333,0,1,9.5367431640625e-07,1831.25,0.3333333333333333,0.1111111111111111,0.3333333333333333,0,1,0.00016117095947265625,1831.25
12,10,16,0.4166666666666667,0.1388888888888889,0.3333333333333333,0,1,9.5367431640625e-07,1831.25,0.4166666666666667,0.17361111111111113,0.4166666666666667,0,1,0.00016427040100097656,1831.25
15,10,16,0.5333333333333333,0.17777777777777778,0.3333333333333333,0,1,1.6689300537109375e-06,1831.25,0.5333333333333333,0.28444444444444444,0.5333333333333333,0,1,0.00015997886657714844,1831.25
18,10,16,0.6666666666666666,0.4329004329004329,0.6,1,3,0.0001251697540283203,1831.25,0.7777777777777778,0.6190476190476191,0.7777777777777778,1,3,0.0001690387725830078,1831.25
21,10,16,0.6666666666666666,0.4444444444444444,0.6,1,3,0.00013589859008789062,1831.265625,0.7619047619047619,0.6031746031746031,0.7619047619047619,1,3,0.0001659393310546875,1831.265625
24,10,16,0.7083333333333334,0.47222222222222215,0.6060606060606061,1,3,0.0001361370086669922,1831.265625,1.0,1.0,1.0,2,5,0.00016999244689941406,1831.265625
27,10,16,0.7037037037037037,0.4688644688644688,0.6060606060606061,1,3,0.00014209747314453125,1831.265625,0.9629629629629629,0.9682539682539683,0.9629629629629629,2,5,0.00017404556274414062,1831.265625
30,10,16,0.7,0.4666666666666666,0.5897435897435898,1,3,0.00014710426330566406,1831.265625,0.9666666666666667,0.9714285714285714,0.9666666666666667,2,5,0.00017404556274414062,1831.265625
3,10,32,0.3333333333333333,0.1111111111111111,0.3333333333333333,0,1,2.1457672119140625e-06,1831.265625,0.3333333333333333,0.1111111111111111,0.3333333333333333,0,1,0.000164031982421875,1831.265625
6,10,32,0.5,0.16666666666666666,0.3333333333333333,0,1,1.9073486328125e-06,1831.265625,0.5,0.25,0.5,0,1,0.00016307830810546875,1831.265625
9,10,32,0.3333333333333333,0.1111111111111111,0.3333333333333333,0,1,1.9073486328125e-06,1831.265625,0.3333333333333333,0.1111111111111111,0.3333333333333333,0,1,0.00016117095947265625,1831.265625
12,10,32,0.4166666666666667,0.1388888888888889,0.3333333333333333,0,1,2.1457672119140625e-06,1831.265625,0.4166666666666667,0.17361111111111113,0.4166666666666667,0,1,0.0001652240753173828,1831.265625
15,10,32,0.5333333333333333,0.17777777777777778,0.3333333333333333,0,1,1.9073486328125e-06,1831.265625,0.5333333333333333,0.28444444444444444,0.5333333333333333,0,1,0.00016117095947265625,1831.265625
18,10,32,0.5555555555555556,0.1851851851851852,0.3333333333333333,0,1,1.9073486328125e-06,1831.265625,0.5555555555555556,0.30864197530864196,0.5555555555555556,0,1,0.0001621246337890625,1831.265625
21,10,32,0.47619047619047616,0.15873015873015872,0.3333333333333333,0,1,1.6689300537109375e-06,1831.265625,0.47619047619047616,0.22675736961451248,0.47619047619047616,0,1,0.00016498565673828125,1831.265625
24,10,32,0.4583333333333333,0.15277777777777776,0.3333333333333333,0,1,3.0994415283203125e-06,1831.265625,0.4583333333333333,0.21006944444444442,0.4583333333333333,0,1,0.0001647472381591797,1831.28125
27,10,32,0.4074074074074074,0.13580246913580246,0.3333333333333333,0,1,2.1457672119140625e-06,1831.28125,0.4074074074074074,0.16598079561042522,0.4074074074074074,0,1,0.0001838207244873047,1831.28125
30,10,32,0.43333333333333335,0.14444444444444446,0.3333333333333333,0,1,2.1457672119140625e-06,1831.28125,0.43333333333333335,0.1877777777777778,0.43333333333333335,0,1,0.0001652240753173828,1831.28125
3,10,64,0.3333333333333333,0.1111111111111111,0.3333333333333333,0,1,2.1457672119140625e-06,1831.28125,0.3333333333333333,0.1111111111111111,0.3333333333333333,0,1,0.0001590251922607422,1831.28125
6,10,64,0.5,0.16666666666666666,0.3333333333333333,0,1,1.1920928955078125e-06,1831.28125,0.5,0.25,0.5,0,1,0.000164031982421875,1831.28125
9,10,64,0.3333333333333333,0.1111111111111111,0.3333333333333333,0,1,1.9073486328125e-06,1831.28125,0.3333333333333333,0.1111111111111111,0.3333333333333333,0,1,0.0001609325408935547,1831.28125
12,10,64,0.4166666666666667,0.1388888888888889,0.3333333333333333,0,1,2.1457672119140625e-06,1831.28125,0.4166666666666667,0.17361111111111113,0.4166666666666667,0,1,0.00015807151794433594,1831.28125
15,10,64,0.5333333333333333,0.17777777777777778,0.3333333333333333,0,1,1.9073486328125e-06,1831.28125,0.5333333333333333,0.28444444444444444,0.5333333333333333,0,1,0.0001647472381591797,1831.28125
18,10,64,0.5555555555555556,0.1851851851851852,0.3333333333333333,0,1,2.1457672119140625e-06,1831.28125,0.5555555555555556,0.30864197530864196,0.5555555555555556,0,1,0.00016307830810546875,1831.28125
21,10,64,0.47619047619047616,0.15873015873015872,0.3333333333333333,0,1,1.6689300537109375e-06,1831.28125,0.47619047619047616,0.22675736961451248,0.47619047619047616,0,1,0.00016188621520996094,1831.28125
24,10,64,0.4583333333333333,0.15277777777777776,0.3333333333333333,0,1,1.9073486328125e-06,1831.28125,0.4583333333333333,0.21006944444444442,0.4583333333333333,0,1,0.0001628398895263672,1831.28125
27,10,64,0.4074074074074074,0.13580246913580246,0.3333333333333333,0,1,1.9073486328125e-06,1831.28125,0.4074074074074074,0.16598079561042522,0.4074074074074074,0,1,0.0001621246337890625,1831.28125
30,10,64,0.43333333333333335,0.14444444444444446,0.3333333333333333,0,1,1.9073486328125e-06,1831.28125,0.43333333333333335,0.1877777777777778,0.43333333333333335,0,1,0.0001659393310546875,1831.28125
3,12,2,1.0,1.0,1.0,2,5,0.00017905235290527344,1831.28125,1.0,1.0,1.0,2,5,0.00016188621520996094,1831.28125
6,12,2,1.0,1.0,1.0,2,5,0.00018787384033203125,1831.28125,1.0,1.0,1.0,2,5,0.00016570091247558594,1831.28125
9,12,2,1.0,1.0,1.0,3,9,0.00035691261291503906,1831.28125,1.0,1.0,1.0,2,5,0.00016927719116210938,1831.28125
12,12,2,1.0,1.0,1.0,3,9,0.0003921985626220703,1831.28125,1.0,1.0,1.0,2,5,0.0001690387725830078,1831.28125
15,12,2,1.0,1.0,1.0,3,11,0.0004780292510986328,1831.28125,1.0,1.0,1.0,2,5,0.00018787384033203125,1831.28125
18,12,2,1.0,1.0,1.0,4,13,0.0005962848663330078,1831.28125,1.0,1.0,1.0,2,5,0.00017881393432617188,1831.28125
21,12,2,1.0,1.0,1.0,4,13,0.0005800724029541016,1831.28125,1.0,1.0,1.0,2,5,0.00017905235290527344,1831.28125
24,12,2,1.0,1.0,1.0,4,15,0.0006730556488037109,1831.28125,1.0,1.0,1.0,2,5,0.00018024444580078125,1831.28125
27,12,2,1.0,1.0,1.0,4,17,0.0007648468017578125,1831.28125,1.0,1.0,1.0,4,9,0.00018215179443359375,1831.28125
30,12,2,1.0,1.0,1.0,5,19,0.0008652210235595703,1831.28125,1.0,1.0,1.0,4,9,0.00018095970153808594,1831.28125
3,12,4,0.3333333333333333,0.1111111111111111,0.3333333333333333,0,1,2.86102294921875e-06,1831.28125,0.3333333333333333,0.1111111111111111,0.3333333333333333,0,1,0.00016379356384277344,1831.28125
6,12,4,0.8333333333333334,0.5555555555555555,0.6666666666666666,1,3,0.00010395050048828125,1831.28125,0.8333333333333334,0.7222222222222222,0.8333333333333334,1,3,0.00016999244689941406,1831.28125
9,12,4,0.8888888888888888,0.9166666666666666,0.8888888888888888,2,7,0.0002830028533935547,1831.28125,1.0,1.0,1.0,2,5,0.0001709461212158203,1831.28125
12,12,4,0.9166666666666666,0.9444444444444445,0.9166666666666666,2,7,0.0002942085266113281,1831.28125,1.0,1.0,1.0,2,5,0.00017213821411132812,1831.28125
15,12,4,0.9333333333333333,0.9629629629629629,0.9166666666666666,3,9,0.000392913818359375,1831.28125,1.0,1.0,1.0,2,5,0.00017404556274414062,1831.28125
18,12,4,0.8888888888888888,0.9444444444444445,0.8333333333333334,3,9,0.0004050731658935547,1831.28125,1.0,1.0,1.0,2,5,0.00017213821411132812,1831.28125
21,12,4,0.9047619047619048,0.9444444444444445,0.8666666666666667,3,9,0.0004220008850097656,1831.28125,1.0,1.0,1.0,2,5,0.00017404556274414062,1831.28125
24,12,4,0.9166666666666666,0.9487179487179488,0.8916666666666666,3,11,0.0005168914794921875,1831.28125,1.0,1.0,1.0,2,5,0.00017118453979492188,1831.28125
27,12,4,0.8888888888888888,0.8808080808080808,0.883838383838384,3,11,0.0005340576171875,1831.28125,0.9629629629629629,0.9660493827160493,0.9629629629629629,3,7,0.00017499923706054688,1831.28125
30,12,4,0.9333333333333333,0.9188034188034188,0.9188034188034188,4,13,0.0006406307220458984,1831.28125,0.9666666666666667,0.9690476190476189,0.9666666666666667,3,7,0.00017714500427246094,1831.28125
3,12,8,0.3333333333333333,0.1111111111111111,0.3333333333333333,0,1,2.86102294921875e-06,1831.28125,0.3333333333333333,0.1111111111111111,0.3333333333333333,0,1,0.000164031982421875,1831.28125
6,12,8,0.5,0.16666666666666666,0.3333333333333333,0,1,1.9073486328125e-06,1831.28125,0.5,0.25,0.5,0,1,0.0001621246337890625,1831.28125
9,12,8,0.6666666666666666,0.45,0.6666666666666666,1,3,0.00010919570922851562,1831.28125,0.6666666666666666,0.5,0.6666666666666666,1,3,0.0001678466796875,1831.28125
12,12,8,0.5833333333333334,0.38888888888888884,0.5333333333333333,1,3,0.00011491775512695312,1831.28125,1.0,1.0,1.0,2,5,0.0001671314239501953,1831.28125
15,12,8,0.8,0.8000000000000002,0.875,2,5,0.00022292137145996094,1831.28125,1.0,1.0,1.0,2,5,0.00016999244689941406,1831.28125
18,12,8,0.7777777777777778,0.7738095238095237,0.8166666666666668,2,5,0.0002276897430419922,1831.28125,1.0,1.0,1.0,2,5,0.00016999244689941406,1831.28125
21,12,8,0.9047619047619048,0.9,0.9,2,7,0.0003368854522705078,1831.28125,1.0,1.0,1.0,2,5,0.00018095970153808594,1831.28125
24,12,8,0.8333333333333334,0.8397435897435898,0.7946969696969698,2,7,0.00034689903259277344,1831.296875,1.0,1.0,1.0,2,5,0.00017905235290527344,1831.3125
27,12,8,0.8148148148148148,0.8380952380952381,0.7919191919191918,2,7,0.0003619194030761719,1831.3125,0.9629629629629629,0.9682539682539683,0.9629629629629629,2,5,0.00017380714416503906,1831.3125
30,12,8,0.8333333333333334,0.8611111111111112,0.8278943278943279,2,7,0.0003731250762939453,1831.3125,0.9666666666666667,0.9714285714285714,0.9666666666666667,2,5,0.00017714500427246094,1831.3125
3,12,16,0.3333333333333333,0.1111111111111111,0.3333333333333333,0,1,2.1457672119140625e-06,1831.3125,0.3333333333333333,0.1111111111111111,0.3333333333333333,0,1,0.0001690387725830078,1831.3125
6,12,16,0.5,0.16666666666666666,0.3333333333333333,0,1,1.6689300537109375e-06,1831.3125,0.5,0.25,0.5,0,1,0.0001621246337890625,1831.3125
9,12,16,0.3333333333333333,0.1111111111111111,0.3333333333333333,0,1,2.1457672119140625e-06,1831.3125,0.3333333333333333,0.1111111111111111,0.3333333333333333,0,1,0.000164031982421875,1831.3125
12,12,16,0.4166666666666667,0.1388888888888889,0.3333333333333333,0,1,1.9073486328125e-06,1831.3125,0.4166666666666667,0.17361111111111113,0.4166666666666667,0,1,0.00016188621520996094,1831.3125
15,12,16,0.5333333333333333,0.17777777777777778,0.3333333333333333,0,1,2.1457672119140625e-06,1831.3125,0.5333333333333333,0.28444444444444444,0.5333333333333333,0,1,0.00016307830810546875,1831.3125
18,12,16,0.6666666666666666,0.4329004329004329,0.6,1,3,0.00012803077697753906,1831.3125,0.7777777777777778,0.6190476190476191,0.7777777777777778,1,3,0.00016689300537109375,1831.3125
21,12,16,0.6666666666666666,0.4444444444444444,0.6,1,3,0.00013303756713867188,1831.3125,0.7619047619047619,0.6031746031746031,0.7619047619047619,1,3,0.00017118453979492188,1831.3125
24,12,16,0.7083333333333334,0.47222222222222215,0.6060606060606061,1,3,0.00015735626220703125,1831.3125,1.0,1.0,1.0,2,5,0.0001709461212158203,1831.3125
27,12,16,0.7037037037037037,0.4688644688644688,0.6060606060606061,1,3,0.0001430511474609375,1831.3125,0.9629629629629629,0.9682539682539683,0.9629629629629629,2,5,0.00017023086547851562,1831.3125
30,12,16,0.7,0.4666666666666666,0.5897435897435898,1,3,0.00014829635620117188,1831.3125,0.9666666666666667,0.9714285714285714,0.9666666666666667,2,5,0.0001709461212158203,1831.3125
3,12,32,0.3333333333333333,0.1111111111111111,0.3333333333333333,0,1,1.9073486328125e-06,1831.3125,0.3333333333333333,0.1111111111111111,0.3333333333333333,0,1,0.0001621246337890625,1831.3125
6,12,32,0.5,0.16666666666666666,0.3333333333333333,0,1,1.9073486328125e-06,1831.3125,0.5,0.25,0.5,0,1,0.00016427040100097656,1831.3125
9,12,32,0.3333333333333333,0.1111111111111111,0.3333333333333333,0,1,2.1457672119140625e-06,1831.3125,0.3333333333333333,0.1111111111111111,0.3333333333333333,0,1,0.0001652240753173828,1831.3125
12,12,32,0.4166666666666667,0.1388888888888889,0.3333333333333333,0,1,1.9073486328125e-06,1831.3125,0.4166666666666667,0.17361111111111113,0.4166666666666667,0,1,0.00016188621520996094,1831.3125
15,12,32,0.5333333333333333,0.17777777777777778,0.3333333333333333,0,1,2.1457672119140625e-06,1831.3125,0.5333333333333333,0.28444444444444444,0.5333333333333333,0,1,0.0001659393310546875,1831.3125
18,12,32,0.5555555555555556,0.1851851851851852,0.3333333333333333,0,1,2.1457672119140625e-06,1831.3125,0.5555555555555556,0.30864197530864196,0.5555555555555556,0,1,0.000164031982421875,1831.3125
21,12,32,0.47619047619047616,0.15873015873015872,0.3333333333333333,0,1,2.1457672119140625e-06,1831.3125,0.47619047619047616,0.22675736961451248,0.47619047619047616,0,1,0.0001609325408935547,1831.3125
24,12,32,0.4583333333333333,0.15277777777777776,0.3333333333333333,0,1,3.0994415283203125e-06,1831.3125,0.4583333333333333,0.21006944444444442,0.4583333333333333,0,1,0.0001659393310546875,1831.3125
27,12,32,0.4074074074074074,0.13580246913580246,0.3333333333333333,0,1,2.1457672119140625e-06,1831.3125,0.4074074074074074,0.16598079561042522,0.4074074074074074,0,1,0.0001628398895263672,1831.3125
30,12,32,0.43333333333333335,0.14444444444444446,0.3333333333333333,0,1,2.1457672119140625e-06,1831.3125,0.43333333333333335,0.1877777777777778,0.43333333333333335,0,1,0.000164031982421875,1831.3125
3,12,64,0.3333333333333333,0.1111111111111111,0.3333333333333333,0,1,1.6689300537109375e-06,1831.3125,0.3333333333333333,0.1111111111111111,0.3333333333333333,0,1,0.00016307830810546875,1831.3125
6,12,64,0.5,0.16666666666666666,0.3333333333333333,0,1,1.1920928955078125e-06,1831.3125,0.5,0.25,0.5,0,1,0.00015878677368164062,1831.3125
9,12,64,0.3333333333333333,0.1111111111111111,0.3333333333333333,0,1,1.6689300537109375e-06,1831.3125,0.3333333333333333,0.1111111111111111,0.3333333333333333,0,1,0.00018215179443359375,1831.3125
12,12,64,0.4166666666666667,0.1388888888888889,0.3333333333333333,0,1,1.6689300537109375e-06,1831.3125,0.4166666666666667,0.17361111111111113,0.4166666666666667,0,1,0.00016498565673828125,1831.3125
15,12,64,0.5333333333333333,0.17777777777777778,0.3333333333333333,0,1,2.1457672119140625e-06,1831.3125,0.5333333333333333,0.28444444444444444,0.5333333333333333,0,1,0.00016307830810546875,1831.3125
18,12,64,0.5555555555555556,0.1851851851851852,0.3333333333333333,0,1,9.5367431640625e-07,1831.3125,0.5555555555555556,0.30864197530864196,0.5555555555555556,0,1,0.000164031982421875,1831.3125
21,12,64,0.47619047619047616,0.15873015873015872,0.3333333333333333,0,1,1.9073486328125e-06,1831.3125,0.47619047619047616,0.22675736961451248,0.47619047619047616,0,1,0.0001647472381591797,1831.3125
24,12,64,0.4583333333333333,0.15277777777777776,0.3333333333333333,0,1,1.9073486328125e-06,1831.3125,0.4583333333333333,0.21006944444444442,0.4583333333333333,0,1,0.00016999244689941406,1831.3125
27,12,64,0.4074074074074074,0.13580246913580246,0.3333333333333333,0,1,2.1457672119140625e-06,1831.3125,0.4074074074074074,0.16598079561042522,0.4074074074074074,0,1,0.0001659393310546875,1831.3125
30,12,64,0.43333333333333335,0.14444444444444446,0.3333333333333333,0,1,1.9073486328125e-06,1831.3125,0.43333333333333335,0.1877777777777778,0.43333333333333335,0,1,0.00016307830810546875,1831.3125
3,15,2,1.0,1.0,1.0,2,5,0.0001800060272216797,1831.3125,1.0,1.0,1.0,2,5,0.00016689300537109375,1831.3125
6,15,2,1.0,1.0,1.0,2,5,0.00018596649169921875,1831.3125,1.0,1.0,1.0,2,5,0.0001652240753173828,1831.3125
9,15,2,1.0,1.0,1.0,3,9,0.0003638267517089844,1831.3125,1.0,1.0,1.0,2,5,0.00016999244689941406,1831.3125
12,15,2,1.0,1.0,1.0,3,9,0.00037407875061035156,1831.3125,1.0,1.0,1.0,2,5,0.00016999244689941406,1831.3125
15,15,2,1.0,1.0,1.0,3,11,0.0004680156707763672,1831.3125,1.0,1.0,1.0,2,5,0.00017189979553222656,1831.3125
18,15,2,1.0,1.0,1.0,4,13,0.0005800724029541016,1831.3125,1.0,1.0,1.0,2,5,0.00017309188842773438,1831.3125
21,15,2,1.0,1.0,1.0,4,13,0.0005772113800048828,1831.3125,1.0,1.0,1.0,2,5,0.00017309188842773438,1831.3125
24,15,2,1.0,1.0,1.0,4,15,0.0006699562072753906,1831.3125,1.0,1.0,1.0,2,5,0.00017499923706054688,1831.328125
27,15,2,1.0,1.0,1.0,4,17,0.0007669925689697266,1831.328125,1.0,1.0,1.0,4,9,0.0001761913299560547,1831.328125
30,15,2,1.0,1.0,1.0,5,19,0.0008640289306640625,1831.328125,1.0,1.0,1.0,4,9,0.0001780986785888672,1831.328125
3,15,4,0.3333333333333333,0.1111111111111111,0.3333333333333333,0,1,3.0994415283203125e-06,1831.328125,0.3333333333333333,0.1111111111111111,0.3333333333333333,0,1,0.00016307830810546875,1831.328125
6,15,4,0.8333333333333334,0.5555555555555555,0.6666666666666666,1,3,0.00010275840759277344,1831.328125,0.8333333333333334,0.7222222222222222,0.8333333333333334,1,3,0.000164031982421875,1831.328125
9,15,4,0.8888888888888888,0.9166666666666666,0.8888888888888888,2,7,0.0002808570861816406,1831.328125,1.0,1.0,1.0,2,5,0.0001690387725830078,1831.328125
12,15,4,0.9166666666666666,0.9444444444444445,0.9166666666666666,2,7,0.0002942085266113281,1831.328125,1.0,1.0,1.0,2,5,0.0001659393310546875,1831.328125
15,15,4,0.9333333333333333,0.9629629629629629,0.9166666666666666,3,9,0.0003921985626220703,1831.328125,1.0,1.0,1.0,2,5,0.00016736984252929688,1831.328125
18,15,4,0.8888888888888888,0.9444444444444445,0.8333333333333334,3,9,0.0004029273986816406,1831.328125,1.0,1.0,1.0,2,5,0.0001678466796875,1831.328125
21,15,4,0.9047619047619048,0.9444444444444445,0.8666666666666667,3,9,0.00041484832763671875,1831.328125,1.0,1.0,1.0,2,5,0.00017404556274414062,1831.328125
24,15,4,0.9166666666666666,0.9487179487179488,0.8916666666666666,3,11,0.0005159378051757812,1831.328125,1.0,1.0,1.0,2,5,0.0001690387725830078,1831.328125
27,15,4,0.8888888888888888,0.8808080808080808,0.883838383838384,3,11,0.0005321502685546875,1831.34375,0.9629629629629629,0.9660493827160493,0.9629629629629629,3,7,0.00017380714416503906,1831.34375
30,15,4,0.9333333333333333,0.9188034188034188,0.9188034188034188,4,13,0.0006420612335205078,1831.34375,0.9666666666666667,0.9690476190476189,0.9666666666666667,3,7,0.00017213821411132812,1831.34375
3,15,8,0.3333333333333333,0.1111111111111111,0.3333333333333333,0,1,2.1457672119140625e-06,1831.34375,0.3333333333333333,0.1111111111111111,0.3333333333333333,0,1,0.0001690387725830078,1831.34375
6,15,8,0.5,0.16666666666666666,0.3333333333333333,0,1,1.9073486328125e-06,1831.34375,0.5,0.25,0.5,0,1,0.0001659393310546875,1831.34375
9,15,8,0.6666666666666666,0.45,0.6666666666666666,1,3,0.0001087188720703125,1831.34375,0.6666666666666666,0.5,0.6666666666666666,1,3,0.00016379356384277344,1831.34375
12,15,8,0.5833333333333334,0.38888888888888884,0.5333333333333333,1,3,0.00011324882507324219,1831.34375,1.0,1.0,1.0,2,5,0.00016999244689941406,1831.34375
15,15,8,0.8,0.8000000000000002,0.875,2,5,0.00022101402282714844,1831.34375,1.0,1.0,1.0,2,5,0.0001671314239501953,1831.34375
18,15,8,0.7777777777777778,0.7738095238095237,0.8166666666666668,2,5,0.0002288818359375,1831.34375,1.0,1.0,1.0,2,5,0.00016880035400390625,1831.34375
21,15,8,0.9047619047619048,0.9,0.9,2,7,0.00033926963806152344,1831.34375,1.0,1.0,1.0,2,5,0.00017189979553222656,1831.34375
24,15,8,0.8333333333333334,0.8397435897435898,0.7946969696969698,2,7,0.00036787986755371094,1831.34375,1.0,1.0,1.0,2,5,0.0001728534698486328,1831.34375
27,15,8,0.8148148148148148,0.8380952380952381,0.7919191919191918,2,7,0.0003600120544433594,1831.34375,0.9629629629629629,0.9682539682539683,0.9629629629629629,2,5,0.00016999244689941406,1831.34375
30,15,8,0.8333333333333334,0.8611111111111112,0.8278943278943279,2,7,0.00037217140197753906,1831.34375,0.9666666666666667,0.9714285714285714,0.9666666666666667,2,5,0.0001728534698486328,1831.34375
3,15,16,0.3333333333333333,0.1111111111111111,0.3333333333333333,0,1,2.1457672119140625e-06,1831.34375,0.3333333333333333,0.1111111111111111,0.3333333333333333,0,1,0.00016498565673828125,1831.34375
6,15,16,0.5,0.16666666666666666,0.3333333333333333,0,1,1.9073486328125e-06,1831.34375,0.5,0.25,0.5,0,1,0.0001647472381591797,1831.34375
9,15,16,0.3333333333333333,0.1111111111111111,0.3333333333333333,0,1,1.6689300537109375e-06,1831.34375,0.3333333333333333,0.1111111111111111,0.3333333333333333,0,1,0.00016164779663085938,1831.34375
12,15,16,0.4166666666666667,0.1388888888888889,0.3333333333333333,0,1,2.1457672119140625e-06,1831.34375,0.4166666666666667,0.17361111111111113,0.4166666666666667,0,1,0.0001652240753173828,1831.34375
15,15,16,0.5333333333333333,0.17777777777777778,0.3333333333333333,0,1,2.1457672119140625e-06,1831.34375,0.5333333333333333,0.28444444444444444,0.5333333333333333,0,1,0.0001628398895263672,1831.34375
18,15,16,0.6666666666666666,0.4329004329004329,0.6,1,3,0.00012803077697753906,1831.34375,0.7777777777777778,0.6190476190476191,0.7777777777777778,1,3,0.00016689300537109375,1831.34375
21,15,16,0.6666666666666666,0.4444444444444444,0.6,1,3,0.00013494491577148438,1831.34375,0.7619047619047619,0.6031746031746031,0.7619047619047619,1,3,0.00016999244689941406,1831.34375
24,15,16,0.7083333333333334,0.47222222222222215,0.6060606060606061,1,3,0.00013709068298339844,1831.34375,1.0,1.0,1.0,2,5,0.00017118453979492188,1831.34375
27,15,16,0.7037037037037037,0.4688644688644688,0.6060606060606061,1,3,0.000141143798828125,1831.34375,0.9629629629629629,0.9682539682539683,0.9629629629629629,2,5,0.00016999244689941406,1831.34375
30,15,16,0.7,0.4666666666666666,0.5897435897435898,1,3,0.0001480579376220703,1831.34375,0.9666666666666667,0.9714285714285714,0.9666666666666667,2,5,0.0001709461212158203,1831.34375
3,15,32,0.3333333333333333,0.1111111111111111,0.3333333333333333,0,1,2.1457672119140625e-06,1831.34375,0.3333333333333333,0.1111111111111111,0.3333333333333333,0,1,0.00015997886657714844,1831.34375
6,15,32,0.5,0.16666666666666666,0.3333333333333333,0,1,1.9073486328125e-06,1831.34375,0.5,0.25,0.5,0,1,0.00016498565673828125,1831.34375
9,15,32,0.3333333333333333,0.1111111111111111,0.3333333333333333,0,1,1.9073486328125e-06,1831.34375,0.3333333333333333,0.1111111111111111,0.3333333333333333,0,1,0.00016188621520996094,1831.34375
12,15,32,0.4166666666666667,0.1388888888888889,0.3333333333333333,0,1,1.9073486328125e-06,1831.34375,0.4166666666666667,0.17361111111111113,0.4166666666666667,0,1,0.0001609325408935547,1831.34375
15,15,32,0.5333333333333333,0.17777777777777778,0.3333333333333333,0,1,2.1457672119140625e-06,1831.34375,0.5333333333333333,0.28444444444444444,0.5333333333333333,0,1,0.00016427040100097656,1831.34375
18,15,32,0.5555555555555556,0.1851851851851852,0.3333333333333333,0,1,1.9073486328125e-06,1831.34375,0.5555555555555556,0.30864197530864196,0.5555555555555556,0,1,0.00015997886657714844,1831.34375
21,15,32,0.47619047619047616,0.15873015873015872,0.3333333333333333,0,1,2.1457672119140625e-06,1831.34375,0.47619047619047616,0.22675736961451248,0.47619047619047616,0,1,0.0001652240753173828,1831.34375
24,15,32,0.4583333333333333,0.15277777777777776,0.3333333333333333,0,1,2.1457672119140625e-06,1831.34375,0.4583333333333333,0.21006944444444442,0.4583333333333333,0,1,0.00016689300537109375,1831.359375
27,15,32,0.4074074074074074,0.13580246913580246,0.3333333333333333,0,1,2.1457672119140625e-06,1831.359375,0.4074074074074074,0.16598079561042522,0.4074074074074074,0,1,0.0001609325408935547,1831.359375
30,15,32,0.43333333333333335,0.14444444444444446,0.3333333333333333,0,1,2.86102294921875e-06,1831.359375,0.43333333333333335,0.1877777777777778,0.43333333333333335,0,1,0.0002009868621826172,1831.359375
3,15,64,0.3333333333333333,0.1111111111111111,0.3333333333333333,0,1,2.1457672119140625e-06,1831.359375,0.3333333333333333,0.1111111111111111,0.3333333333333333,0,1,0.0001590251922607422,1831.359375
6,15,64,0.5,0.16666666666666666,0.3333333333333333,0,1,1.6689300537109375e-06,1831.359375,0.5,0.25,0.5,0,1,0.0001609325408935547,1831.359375
9,15,64,0.3333333333333333,0.1111111111111111,0.3333333333333333,0,1,1.9073486328125e-06,1831.359375,0.3333333333333333,0.1111111111111111,0.3333333333333333,0,1,0.00016307830810546875,1831.359375
12,15,64,0.4166666666666667,0.1388888888888889,0.3333333333333333,0,1,1.9073486328125e-06,1831.359375,0.4166666666666667,0.17361111111111113,0.4166666666666667,0,1,0.0001609325408935547,1831.359375
15,15,64,0.5333333333333333,0.17777777777777778,0.3333333333333333,0,1,1.6689300537109375e-06,1831.359375,0.5333333333333333,0.28444444444444444,0.5333333333333333,0,1,0.00016379356384277344,1831.359375
18,15,64,0.5555555555555556,0.1851851851851852,0.3333333333333333,0,1,2.1457672119140625e-06,1831.359375,0.5555555555555556,0.30864197530864196,0.5555555555555556,0,1,0.00016117095947265625,1831.359375
21,15,64,0.47619047619047616,0.15873015873015872,0.3333333333333333,0,1,9.5367431640625e-07,1831.359375,0.47619047619047616,0.22675736961451248,0.47619047619047616,0,1,0.000164031982421875,1831.359375
24,15,64,0.4583333333333333,0.15277777777777776,0.3333333333333333,0,1,2.1457672119140625e-06,1831.359375,0.4583333333333333,0.21006944444444442,0.4583333333333333,0,1,0.00016379356384277344,1831.359375
27,15,64,0.4074074074074074,0.13580246913580246,0.3333333333333333,0,1,1.9073486328125e-06,1831.359375,0.4074074074074074,0.16598079561042522,0.4074074074074074,0,1,0.0001621246337890625,1831.359375
30,15,64,0.43333333333333335,0.14444444444444446,0.3333333333333333,0,1,2.1457672119140625e-06,1831.359375,0.43333333333333335,0.1877777777777778,0.43333333333333335,0,1,0.00017309188842773438,1831.359375
3,20,2,1.0,1.0,1.0,2,5,0.0001838207244873047,1831.359375,1.0,1.0,1.0,2,5,0.00016689300537109375,1831.359375
6,20,2,1.0,1.0,1.0,2,5,0.00018787384033203125,1831.359375,1.0,1.0,1.0,2,5,0.0001709461212158203,1831.359375
9,20,2,1.0,1.0,1.0,3,9,0.0003638267517089844,1831.359375,1.0,1.0,1.0,2,5,0.0001728534698486328,1831.359375
12,20,2,1.0,1.0,1.0,3,9,0.0003807544708251953,1831.359375,1.0,1.0,1.0,2,5,0.0001728534698486328,1831.359375
15,20,2,1.0,1.0,1.0,3,11,0.0004718303680419922,1831.359375,1.0,1.0,1.0,2,5,0.0001690387725830078,1831.359375
18,20,2,1.0,1.0,1.0,4,13,0.0005629062652587891,1831.359375,1.0,1.0,1.0,2,5,0.00017309188842773438,1831.359375
21,20,2,1.0,1.0,1.0,4,13,0.0005769729614257812,1831.359375,1.0,1.0,1.0,2,5,0.00017523765563964844,1831.359375
24,20,2,1.0,1.0,1.0,4,15,0.0006709098815917969,1831.359375,1.0,1.0,1.0,2,5,0.00017595291137695312,1831.359375
27,20,2,1.0,1.0,1.0,4,17,0.0007758140563964844,1831.375,1.0,1.0,1.0,4,9,0.0001780986785888672,1831.375
30,20,2,1.0,1.0,1.0,5,19,0.0008718967437744141,1831.375,1.0,1.0,1.0,4,9,0.00017905235290527344,1831.375
3,20,4,0.3333333333333333,0.1111111111111111,0.3333333333333333,0,1,1.6689300537109375e-06,1831.375,0.3333333333333333,0.1111111111111111,0.3333333333333333,0,1,0.0001659393310546875,1831.375
6,20,4,0.8333333333333334,0.5555555555555555,0.6666666666666666,1,3,0.00010180473327636719,1831.375,0.8333333333333334,0.7222222222222222,0.8333333333333334,1,3,0.00016808509826660156,1831.375
9,20,4,0.8888888888888888,0.9166666666666666,0.8888888888888888,2,7,0.0002849102020263672,1831.375,1.0,1.0,1.0,2,5,0.0001742839813232422,1831.375
12,20,4,0.9166666666666666,0.9444444444444445,0.9166666666666666,2,7,0.0003008842468261719,1831.375,1.0,1.0,1.0,2,5,0.00017309188842773438,1831.375
15,20,4,0.9333333333333333,0.9629629629629629,0.9166666666666666,3,9,0.00039505958557128906,1831.375,1.0,1.0,1.0,2,5,0.0001690387725830078,1831.375
18,20,4,0.8888888888888888,0.9444444444444445,0.8333333333333334,3,9,0.00040793418884277344,1831.375,1.0,1.0,1.0,2,5,0.00017309188842773438,1831.375
21,20,4,0.9047619047619048,0.9444444444444445,0.8666666666666667,3,9,0.0004189014434814453,1831.375,1.0,1.0,1.0,2,5,0.00017189979553222656,1831.375
24,20,4,0.9166666666666666,0.9487179487179488,0.8916666666666666,3,11,0.0005168914794921875,1831.375,1.0,1.0,1.0,2,5,0.0001709461212158203,1831.375
27,20,4,0.8888888888888888,0.8808080808080808,0.883838383838384,3,11,0.0005421638488769531,1831.375,0.9629629629629629,0.9660493827160493,0.9629629629629629,3,7,0.00017595291137695312,1831.375
30,20,4,0.9333333333333333,0.9188034188034188,0.9188034188034188,4,13,0.0006330013275146484,1831.375,0.9666666666666667,0.9690476190476189,0.9666666666666667,3,7,0.0001780986785888672,1831.375
3,20,8,0.3333333333333333,0.1111111111111111,0.3333333333333333,0,1,2.1457672119140625e-06,1831.375,0.3333333333333333,0.1111111111111111,0.3333333333333333,0,1,0.0001659393310546875,1831.375
6,20,8,0.5,0.16666666666666666,0.3333333333333333,0,1,9.5367431640625e-07,1831.375,0.5,0.25,0.5,0,1,0.00016117095947265625,1831.375
9,20,8,0.6666666666666666,0.45,0.6666666666666666,1,3,0.00010800361633300781,1831.375,0.6666666666666666,0.5,0.6666666666666666,1,3,0.0001671314239501953,1831.375
12,20,8,0.5833333333333334,0.38888888888888884,0.5333333333333333,1,3,0.00011491775512695312,1831.375,1.0,1.0,1.0,2,5,0.0001659393310546875,1831.375
15,20,8,0.8,0.8000000000000002,0.875,2,5,0.0002238750457763672,1831.375,1.0,1.0,1.0,2,5,0.0001709461212158203,1831.375
18,20,8,0.7777777777777778,0.7738095238095237,0.8166666666666668,2,5,0.00022912025451660156,1831.375,1.0,1.0,1.0,2,5,0.00016808509826660156,1831.375
21,20,8,0.9047619047619048,0.9,0.9,2,7,0.0003371238708496094,1831.375,1.0,1.0,1.0,2,5,0.00017213821411132812,1831.375
24,20,8,0.8333333333333334,0.8397435897435898,0.7946969696969698,2,7,0.00034689903259277344,1831.375,1.0,1.0,1.0,2,5,0.00017786026000976562,1831.390625
27,20,8,0.8148148148148148,0.8380952380952381,0.7919191919191918,2,7,0.0003600120544433594,1831.390625,0.9629629629629629,0.9682539682539683,0.9629629629629629,2,5,0.00017309188842773438,1831.390625
30,20,8,0.8333333333333334,0.8611111111111112,0.8278943278943279,2,7,0.0003712177276611328,1831.390625,0.9666666666666667,0.9714285714285714,0.9666666666666667,2,5,0.0001709461212158203,1831.390625
3,20,16,0.3333333333333333,0.1111111111111111,0.3333333333333333,0,1,1.9073486328125e-06,1831.390625,0.3333333333333333,0.1111111111111111,0.3333333333333333,0,1,0.00016498565673828125,1831.390625
6,20,16,0.5,0.16666666666666666,0.3333333333333333,0,1,1.9073486328125e-06,1831.390625,0.5,0.25,0.5,0,1,0.00016427040100097656,1831.390625
9,20,16,0.3333333333333333,0.1111111111111111,0.3333333333333333,0,1,7.152557373046875e-07,1831.390625,0.3333333333333333,0.1111111111111111,0.3333333333333333,0,1,0.00016379356384277344,1831.390625
12,20,16,0.4166666666666667,0.1388888888888889,0.3333333333333333,0,1,2.1457672119140625e-06,1831.390625,0.4166666666666667,0.17361111111111113,0.4166666666666667,0,1,0.000164031982421875,1831.390625
15,20,16,0.5333333333333333,0.17777777777777778,0.3333333333333333,0,1,2.1457672119140625e-06,1831.390625,0.5333333333333333,0.28444444444444444,0.5333333333333333,0,1,0.00016117095947265625,1831.390625
18,20,16,0.6666666666666666,0.4329004329004329,0.6,1,3,0.0001270771026611328,1831.390625,0.7777777777777778,0.6190476190476191,0.7777777777777778,1,3,0.00016927719116210938,1831.390625
21,20,16,0.6666666666666666,0.4444444444444444,0.6,1,3,0.00013113021850585938,1831.390625,0.7619047619047619,0.6031746031746031,0.7619047619047619,1,3,0.000171661376953125,1831.390625
24,20,16,0.7083333333333334,0.47222222222222215,0.6060606060606061,1,3,0.00013709068298339844,1831.390625,1.0,1.0,1.0,2,5,0.00016999244689941406,1831.390625
27,20,16,0.7037037037037037,0.4688644688644688,0.6060606060606061,1,3,0.0001418590545654297,1831.390625,0.9629629629629629,0.9682539682539683,0.9629629629629629,2,5,0.00016808509826660156,1831.390625
30,20,16,0.7,0.4666666666666666,0.5897435897435898,1,3,0.00015115737915039062,1831.390625,0.9666666666666667,0.9714285714285714,0.9666666666666667,2,5,0.00017189979553222656,1831.390625
3,20,32,0.3333333333333333,0.1111111111111111,0.3333333333333333,0,1,2.1457672119140625e-06,1831.390625,0.3333333333333333,0.1111111111111111,0.3333333333333333,0,1,0.0001609325408935547,1831.390625
6,20,32,0.5,0.16666666666666666,0.3333333333333333,0,1,1.9073486328125e-06,1831.390625,0.5,0.25,0.5,0,1,0.00016117095947265625,1831.390625
9,20,32,0.3333333333333333,0.1111111111111111,0.3333333333333333,0,1,1.6689300537109375e-06,1831.390625,0.3333333333333333,0.1111111111111111,0.3333333333333333,0,1,0.0001628398895263672,1831.390625
12,20,32,0.4166666666666667,0.1388888888888889,0.3333333333333333,0,1,1.9073486328125e-06,1831.390625,0.4166666666666667,0.17361111111111113,0.4166666666666667,0,1,0.0001628398895263672,1831.390625
15,20,32,0.5333333333333333,0.17777777777777778,0.3333333333333333,0,1,1.6689300537109375e-06,1831.390625,0.5333333333333333,0.28444444444444444,0.5333333333333333,0,1,0.00017380714416503906,1831.390625
18,20,32,0.5555555555555556,0.1851851851851852,0.3333333333333333,0,1,1.9073486328125e-06,1831.390625,0.5555555555555556,0.30864197530864196,0.5555555555555556,0,1,0.000164031982421875,1831.390625
21,20,32,0.47619047619047616,0.15873015873015872,0.3333333333333333,0,1,2.1457672119140625e-06,1831.390625,0.47619047619047616,0.22675736961451248,0.47619047619047616,0,1,0.0001652240753173828,1831.390625
24,20,32,0.4583333333333333,0.15277777777777776,0.3333333333333333,0,1,1.9073486328125e-06,1831.390625,0.4583333333333333,0.21006944444444442,0.4583333333333333,0,1,0.00016188621520996094,1831.390625
27,20,32,0.4074074074074074,0.13580246913580246,0.3333333333333333,0,1,2.1457672119140625e-06,1831.390625,0.4074074074074074,0.16598079561042522,0.4074074074074074,0,1,0.00015997886657714844,1831.390625
30,20,32,0.43333333333333335,0.14444444444444446,0.3333333333333333,0,1,2.1457672119140625e-06,1831.390625,0.43333333333333335,0.1877777777777778,0.43333333333333335,0,1,0.00016307830810546875,1831.390625
3,20,64,0.3333333333333333,0.1111111111111111,0.3333333333333333,0,1,1.1920928955078125e-06,1831.390625,0.3333333333333333,0.1111111111111111,0.3333333333333333,0,1,0.0001621246337890625,1831.390625
6,20,64,0.5,0.16666666666666666,0.3333333333333333,0,1,2.1457672119140625e-06,1831.390625,0.5,0.25,0.5,0,1,0.00015997886657714844,1831.390625
9,20,64,0.3333333333333333,0.1111111111111111,0.3333333333333333,0,1,9.5367431640625e-07,1831.390625,0.3333333333333333,0.1111111111111111,0.3333333333333333,0,1,0.00015878677368164062,1831.390625
12,20,64,0.4166666666666667,0.1388888888888889,0.3333333333333333,0,1,9.5367431640625e-07,1831.390625,0.4166666666666667,0.17361111111111113,0.4166666666666667,0,1,0.00016260147094726562,1831.390625
15,20,64,0.5333333333333333,0.17777777777777778,0.3333333333333333,0,1,2.1457672119140625e-06,1831.390625,0.5333333333333333,0.28444444444444444,0.5333333333333333,0,1,0.00015997886657714844,1831.390625
18,20,64,0.5555555555555556,0.1851851851851852,0.3333333333333333,0,1,1.9073486328125e-06,1831.390625,0.5555555555555556,0.30864197530864196,0.5555555555555556,0,1,0.0001628398895263672,1831.390625
21,20,64,0.47619047619047616,0.15873015873015872,0.3333333333333333,0,1,2.1457672119140625e-06,1831.390625,0.47619047619047616,0.22675736961451248,0.47619047619047616,0,1,0.0001628398895263672,1831.390625
24,20,64,0.4583333333333333,0.15277777777777776,0.3333333333333333,0,1,2.1457672119140625e-06,1831.390625,0.4583333333333333,0.21006944444444442,0.4583333333333333,0,1,0.00016188621520996094,1831.390625
27,20,64,0.4074074074074074,0.13580246913580246,0.3333333333333333,0,1,2.1457672119140625e-06,1831.390625,0.4074074074074074,0.16598079561042522,0.4074074074074074,0,1,0.00016617774963378906,1831.390625
30,20,64,0.43333333333333335,0.14444444444444446,0.3333333333333333,0,1,1.9073486328125e-06,1831.390625,0.43333333333333335,0.1877777777777778,0.43333333333333335,0,1,0.00016307830810546875,1831.390625
